Info    2025-04-02 15:01:57  DevID:MV-CS016-10UC(DA4851775)  Source-Line:libMvCameraControl.so(CInterfaceManager.cpp-L0809)     Description:Current dynamic library path[/home/hj/ros2-hik-camera-main/install/hik_camera/lib/libMvCameraControl.so]     Solution:
Info    2025-04-02 15:01:57  DevID:MV-CS016-10UC(DA4851775)  Source-Line:libMvCameraControl.so(CInterfaceManager.cpp-L0812)     Description:CamCtl_Version: 3.2.1.0     Solution:
Info    2025-04-02 15:01:57  DevID:MV-CS016-10UC(DA4851775)  Source-Line:libMvCameraControl.so(CInterfaceManager.cpp-L0813)     Description:CamCtl_Description: BaseLine Build 20211203     Solution:
Info    2025-04-02 15:01:57  DevID:MV-CS016-10UC(DA4851775)  Source-Line:libMvCameraControl.so(CInterfaceManager.cpp-L0815)     Description:[MV_CC_CreateHandle] return[0x0]     Solution:
Info    2025-04-02 15:01:57  DevID:MV-CS016-10UC(DA4851775)  Source-Line:libMvCameraControl.so(CInterfaceManager.cpp-L6710)     Description:CamCtrl[0x3020100], U3V SDKVersion[0x3020100], DriverVersion[0x0]     Solution:
Info    2025-04-02 15:01:58  DevID:MV-CS016-10UC(DA4851775)  Source-Line:libMvCameraControl.so(CInterfaceManager.cpp-L4236)     Description:[MV_CC_InvalidateNodes] return[0x0]     Solution:
Info    2025-04-02 15:01:58  DevID:MV-CS016-10UC(DA4851775)  Source-Line:libMvCameraControl.so(CInterfaceManager.cpp-L1086)     Description:[MV_CC_OpenDevice] nPrivilegeMode[1], nSwitchoverKey[0], return[0x0]     Solution:
Info    2025-04-02 15:01:58  DevID:MV-CS016-10UC(DA4851775)  Source-Line:libMvCameraControl.so(CInterfaceManager.cpp-L3684)     Description:[MV_CC_GetImageInfo] return[0x0]     Solution:
Error   2025-04-02 15:01:58  DevID:MV-CS016-10UC(DA4851775)  Source-Line:libMvCameraControl.so(XmlParse.cpp-L2712)     Description:SetNodeValue [Gain], [Value 32.000000 must be smaller than or equal 16.980700. : OutOfRangeException thrown in node 'Gain' while calling 'Gain.SetValue()' (file 'FloatT.h', line 85)]     Solution:
Error   2025-04-02 15:01:58  DevID:MV-CS016-10UC(DA4851775)  Source-Line:libMvCameraControl.so(CInterfaceManager.cpp-L4058)     Description:[MV_CC_SetFloatValue] Property[Gain], Value[32.000000], return[0x80000102]     Solution:
Info    2025-04-02 15:01:58  DevID:MV-CS016-10UC(DA4851775)  Source-Line:libMvCameraControl.so(CInterfaceManager.cpp-L1703)     Description:U3V, DeviceModelName[MV-CS016-10UC], DeviceFirmwareVersion[V2.2.0 2407021311877 24053001], DeviceMaxThroughput[387500]     Solution:
Info    2025-04-02 15:01:58  DevID:MV-CS016-10UC(DA4851775)  Source-Line:libMvCameraControl.so(CInterfaceManager.cpp-L1708)     Description:U3V, Width[1440], Height[1080], OffsetX[0], OffsetY[0], PixelFormat[0x1080009], AcquisitionMode[2]     Solution:
Info    2025-04-02 15:01:58  DevID:MV-CS016-10UC(DA4851775)  Source-Line:libMvCameraControl.so(CInterfaceManager.cpp-L1713)     Description:U3V, TriggerMode[0], ResultingFrameRate[161.93], ExposureTime[6000.00], ExposureAuto[0], PayloadSize[1555200]     Solution:
Info    2025-04-02 15:01:58  DevID:MV-CS016-10UC(DA4851775)  Source-Line:libMvCameraControl.so(CInterfaceManager.cpp-L6315)     Description:CamCtrl RecvThread Start, ThreadId[-813701568]     Solution:
Info    2025-04-02 15:01:58  DevID:MV-CS016-10UC(DA4851775)  Source-Line:libMvCameraControl.so(CInterfaceManager.cpp-L6083)     Description:CamCtrl Display Thread Start, ThreadId[-822094272]     Solution:
Info    2025-04-02 15:01:58  DevID:MV-CS016-10UC(DA4851775)  Source-Line:libMvCameraControl.so(CInterfaceManager.cpp-L1795)     Description:There is no registration callback     Solution:
Info    2025-04-02 15:01:58  DevID:MV-CS016-10UC(DA4851775)  Source-Line:libMvCameraControl.so(CInterfaceManager.cpp-L1800)     Description:[MV_CC_StartGrabbing] return[0x0]     Solution:
Error   2025-04-02 15:01:58  DevID:MV-CS016-10UC(DA4851775)  Source-Line:libMvCameraControl.so(CInterfaceManager.cpp-L7947)     Description:[MV_CC_ConvertPixelType] return[0x80000002]     Solution:
Info    2025-04-02 15:02:00  DevID:MV-CS016-10UC(DA4851775)  Source-Line:libMvCameraControl.so(CInterfaceManager.cpp-L1888)     Description:[StopGrabbing] return[0x0]     Solution:
Info    2025-04-02 15:02:00  DevID:MV-CS016-10UC(DA4851775)  Source-Line:libMvCameraControl.so(CInterfaceManager.cpp-L6299)     Description:Display process exit     Solution:
Info    2025-04-02 15:02:00  DevID:MV-CS016-10UC(DA4851775)  Source-Line:libMvCameraControl.so(CInterfaceManager.cpp-L6545)     Description:RecvThread Process Exit     Solution:
Info    2025-04-02 15:02:01  DevID:MV-CS016-10UC(DA4851775)  Source-Line:libMvCameraControl.so(CInterfaceManager.cpp-L1166)     Description:[CloseDevice] return[0x0]     Solution:
Info    2025-04-02 15:10:50  DevID:MV-CS016-10UC(DA4851775)  Source-Line:libMvCameraControl.so(CInterfaceManager.cpp-L0809)     Description:Current dynamic library path[/home/hj/ros2-hik-camera-main/install/hik_camera/lib/libMvCameraControl.so]     Solution:
Info    2025-04-02 15:10:50  DevID:MV-CS016-10UC(DA4851775)  Source-Line:libMvCameraControl.so(CInterfaceManager.cpp-L0812)     Description:CamCtl_Version: 3.2.1.0     Solution:
Info    2025-04-02 15:10:50  DevID:MV-CS016-10UC(DA4851775)  Source-Line:libMvCameraControl.so(CInterfaceManager.cpp-L0813)     Description:CamCtl_Description: BaseLine Build 20211203     Solution:
Info    2025-04-02 15:10:50  DevID:MV-CS016-10UC(DA4851775)  Source-Line:libMvCameraControl.so(CInterfaceManager.cpp-L0815)     Description:[MV_CC_CreateHandle] return[0x0]     Solution:
Info    2025-04-02 15:10:50  DevID:MV-CS016-10UC(DA4851775)  Source-Line:libMvCameraControl.so(CInterfaceManager.cpp-L6710)     Description:CamCtrl[0x3020100], U3V SDKVersion[0x3020100], DriverVersion[0x0]     Solution:
Info    2025-04-02 15:10:50  DevID:MV-CS016-10UC(DA4851775)  Source-Line:libMvCameraControl.so(CInterfaceManager.cpp-L4236)     Description:[MV_CC_InvalidateNodes] return[0x0]     Solution:
Info    2025-04-02 15:10:50  DevID:MV-CS016-10UC(DA4851775)  Source-Line:libMvCameraControl.so(CInterfaceManager.cpp-L1086)     Description:[MV_CC_OpenDevice] nPrivilegeMode[1], nSwitchoverKey[0], return[0x0]     Solution:
Info    2025-04-02 15:10:50  DevID:MV-CS016-10UC(DA4851775)  Source-Line:libMvCameraControl.so(CInterfaceManager.cpp-L3684)     Description:[MV_CC_GetImageInfo] return[0x0]     Solution:
Error   2025-04-02 15:10:50  DevID:MV-CS016-10UC(DA4851775)  Source-Line:libMvCameraControl.so(XmlParse.cpp-L2712)     Description:SetNodeValue [Gain], [Value 32.000000 must be smaller than or equal 16.980700. : OutOfRangeException thrown in node 'Gain' while calling 'Gain.SetValue()' (file 'FloatT.h', line 85)]     Solution:
Error   2025-04-02 15:10:50  DevID:MV-CS016-10UC(DA4851775)  Source-Line:libMvCameraControl.so(CInterfaceManager.cpp-L4058)     Description:[MV_CC_SetFloatValue] Property[Gain], Value[32.000000], return[0x80000102]     Solution:
Info    2025-04-02 15:10:50  DevID:MV-CS016-10UC(DA4851775)  Source-Line:libMvCameraControl.so(CInterfaceManager.cpp-L1703)     Description:U3V, DeviceModelName[MV-CS016-10UC], DeviceFirmwareVersion[V2.2.0 2407021311877 24053001], DeviceMaxThroughput[387500]     Solution:
Info    2025-04-02 15:10:50  DevID:MV-CS016-10UC(DA4851775)  Source-Line:libMvCameraControl.so(CInterfaceManager.cpp-L1708)     Description:U3V, Width[1440], Height[1080], OffsetX[0], OffsetY[0], PixelFormat[0x1080009], AcquisitionMode[2]     Solution:
Info    2025-04-02 15:10:50  DevID:MV-CS016-10UC(DA4851775)  Source-Line:libMvCameraControl.so(CInterfaceManager.cpp-L1713)     Description:U3V, TriggerMode[0], ResultingFrameRate[161.93], ExposureTime[6000.00], ExposureAuto[0], PayloadSize[1555200]     Solution:
Info    2025-04-02 15:10:50  DevID:MV-CS016-10UC(DA4851775)  Source-Line:libMvCameraControl.so(CInterfaceManager.cpp-L6083)     Description:CamCtrl Display Thread Start, ThreadId[-1668172224]     Solution:
Info    2025-04-02 15:10:50  DevID:MV-CS016-10UC(DA4851775)  Source-Line:libMvCameraControl.so(CInterfaceManager.cpp-L6315)     Description:CamCtrl RecvThread Start, ThreadId[-1659779520]     Solution:
Info    2025-04-02 15:10:50  DevID:MV-CS016-10UC(DA4851775)  Source-Line:libMvCameraControl.so(CInterfaceManager.cpp-L1795)     Description:There is no registration callback     Solution:
Info    2025-04-02 15:10:50  DevID:MV-CS016-10UC(DA4851775)  Source-Line:libMvCameraControl.so(CInterfaceManager.cpp-L1800)     Description:[MV_CC_StartGrabbing] return[0x0]     Solution:
Error   2025-04-02 15:10:50  DevID:MV-CS016-10UC(DA4851775)  Source-Line:libMvCameraControl.so(CInterfaceManager.cpp-L7947)     Description:[MV_CC_ConvertPixelType] return[0x80000002]     Solution:
Error   2025-04-02 15:12:24  DevID:MV-CS016-10UC(DA4851775)  Source-Line:libMvCameraControl.so(CInterfaceManager.cpp-L4492)     Description:[MV_CC_ReadMemory]Address[0x0x30808], Length[4], return[0x80000301]     Solution:
Error   2025-04-02 15:12:24  DevID:MV-CS016-10UC(DA4851775)  Source-Line:libMvCameraControl.so(XmlParse.cpp-L3943)     Description:Set Acquisition Stop Execute Failed, ErrorCode[0x80000301]     Solution:
Info    2025-04-02 15:12:50  DevID:MV-CS016-10UC(DA4851775)  Source-Line:libMvCameraControl.so(CInterfaceManager.cpp-L1888)     Description:[StopGrabbing] return[0x80000301]     Solution:
Error   2025-04-02 15:12:50  DevID:MV-CS016-10UC(DA4851775)  Source-Line:libMvCameraControl.so(CInterfaceManager.cpp-L4492)     Description:[MV_CC_ReadMemory]Address[0x0x30048], Length[4], return[0x80000301]     Solution:
Error   2025-04-02 15:12:50  DevID:MV-CS016-10UC(DA4851775)  Source-Line:libMvCameraControl.so(XmlParse.cpp-L2242)     Description:GetNodeValue [DeviceUptime], nSdkErrCode[80000301]     Solution:
Error   2025-04-02 15:12:50  DevID:MV-CS016-10UC(DA4851775)  Source-Line:libMvCameraControl.so(CInterfaceManager.cpp-L4492)     Description:[MV_CC_ReadMemory]Address[0x0x30824], Length[4], return[0x80000301]     Solution:
Error   2025-04-02 15:12:50  DevID:MV-CS016-10UC(DA4851775)  Source-Line:libMvCameraControl.so(XmlParse.cpp-L1337)     Description:GetNodeValue [ResultingFrameRate], nSdkErrCode[80000301]     Solution:
Error   2025-04-02 15:12:50  DevID:MV-CS016-10UC(DA4851775)  Source-Line:libMvCameraControl.so(CInterfaceManager.cpp-L4492)     Description:[MV_CC_ReadMemory]Address[0x0x30b08], Length[4], return[0x80000301]     Solution:
Error   2025-04-02 15:12:50  DevID:MV-CS016-10UC(DA4851775)  Source-Line:libMvCameraControl.so(XmlParse.cpp-L2674)     Description:GetNodeValue [ExposureTime], nSdkErrCode[80000301]     Solution:
Error   2025-04-02 15:12:50  DevID:MV-CS016-10UC(DA4851775)  Source-Line:libMvCameraControl.so(CInterfaceManager.cpp-L4492)     Description:[MV_CC_ReadMemory]Address[0x0x30b08], Length[4], return[0x80000301]     Solution:
Error   2025-04-02 15:12:50  DevID:MV-CS016-10UC(DA4851775)  Source-Line:libMvCameraControl.so(XmlParse.cpp-L2414)     Description:GetNodeValue [ExposureAuto], nSdkErrCode[80000301]     Solution:
Info    2025-04-02 15:12:50  DevID:MV-CS016-10UC(DA4851775)  Source-Line:libMvCameraControl.so(CInterfaceManager.cpp-L1703)     Description:U3V, DeviceModelName[MV-CS016-10UC], DeviceFirmwareVersion[V2.2.0 2407021311877 24053001], DeviceMaxThroughput[387500]     Solution:
Info    2025-04-02 15:12:50  DevID:MV-CS016-10UC(DA4851775)  Source-Line:libMvCameraControl.so(CInterfaceManager.cpp-L1708)     Description:U3V, Width[1440], Height[1080], OffsetX[0], OffsetY[0], PixelFormat[0x1080009], AcquisitionMode[2]     Solution:
Info    2025-04-02 15:12:50  DevID:MV-CS016-10UC(DA4851775)  Source-Line:libMvCameraControl.so(CInterfaceManager.cpp-L1713)     Description:U3V, TriggerMode[0], ResultingFrameRate[0.00], ExposureTime[0.00], ExposureAuto[0], PayloadSize[1555200]     Solution:
Info    2025-04-02 15:12:50  DevID:MV-CS016-10UC(DA4851775)  Source-Line:libMvCameraControl.so(CInterfaceManager.cpp-L1800)     Description:[MV_CC_StartGrabbing] return[0x80000301]     Solution:
Error   2025-04-02 15:12:50  DevID:MV-CS016-10UC(DA4851775)  Source-Line:libMvCameraControl.so(CInterfaceManager.cpp-L4492)     Description:[MV_CC_ReadMemory]Address[0x0x30808], Length[4], return[0x80000301]     Solution:
Error   2025-04-02 15:12:50  DevID:MV-CS016-10UC(DA4851775)  Source-Line:libMvCameraControl.so(XmlParse.cpp-L3943)     Description:Set Acquisition Stop Execute Failed, ErrorCode[0x80000301]     Solution:
Info    2025-04-02 15:12:50  DevID:MV-CS016-10UC(DA4851775)  Source-Line:libMvCameraControl.so(CInterfaceManager.cpp-L1888)     Description:[StopGrabbing] return[0x80000003]     Solution:
Error   2025-04-02 15:12:50  DevID:MV-CS016-10UC(DA4851775)  Source-Line:libMvCameraControl.so(CInterfaceManager.cpp-L4492)     Description:[MV_CC_ReadMemory]Address[0x0x30048], Length[4], return[0x80000301]     Solution:
Error   2025-04-02 15:12:50  DevID:MV-CS016-10UC(DA4851775)  Source-Line:libMvCameraControl.so(XmlParse.cpp-L2242)     Description:GetNodeValue [DeviceUptime], nSdkErrCode[80000301]     Solution:
Error   2025-04-02 15:12:50  DevID:MV-CS016-10UC(DA4851775)  Source-Line:libMvCameraControl.so(CInterfaceManager.cpp-L4492)     Description:[MV_CC_ReadMemory]Address[0x0x30824], Length[4], return[0x80000301]     Solution:
Error   2025-04-02 15:12:50  DevID:MV-CS016-10UC(DA4851775)  Source-Line:libMvCameraControl.so(XmlParse.cpp-L1337)     Description:GetNodeValue [ResultingFrameRate], nSdkErrCode[80000301]     Solution:
Error   2025-04-02 15:12:50  DevID:MV-CS016-10UC(DA4851775)  Source-Line:libMvCameraControl.so(CInterfaceManager.cpp-L4492)     Description:[MV_CC_ReadMemory]Address[0x0x30b04], Length[4], return[0x80000301]     Solution:
Error   2025-04-02 15:12:50  DevID:MV-CS016-10UC(DA4851775)  Source-Line:libMvCameraControl.so(XmlParse.cpp-L2674)     Description:GetNodeValue [ExposureTime], nSdkErrCode[80000301]     Solution:
Error   2025-04-02 15:12:50  DevID:MV-CS016-10UC(DA4851775)  Source-Line:libMvCameraControl.so(CInterfaceManager.cpp-L4492)     Description:[MV_CC_ReadMemory]Address[0x0x30b08], Length[4], return[0x80000301]     Solution:
Error   2025-04-02 15:12:50  DevID:MV-CS016-10UC(DA4851775)  Source-Line:libMvCameraControl.so(XmlParse.cpp-L2414)     Description:GetNodeValue [ExposureAuto], nSdkErrCode[80000301]     Solution:
Info    2025-04-02 15:12:50  DevID:MV-CS016-10UC(DA4851775)  Source-Line:libMvCameraControl.so(CInterfaceManager.cpp-L1703)     Description:U3V, DeviceModelName[MV-CS016-10UC], DeviceFirmwareVersion[V2.2.0 2407021311877 24053001], DeviceMaxThroughput[387500]     Solution:
Info    2025-04-02 15:12:50  DevID:MV-CS016-10UC(DA4851775)  Source-Line:libMvCameraControl.so(CInterfaceManager.cpp-L1708)     Description:U3V, Width[1440], Height[1080], OffsetX[0], OffsetY[0], PixelFormat[0x1080009], AcquisitionMode[2]     Solution:
Info    2025-04-02 15:12:50  DevID:MV-CS016-10UC(DA4851775)  Source-Line:libMvCameraControl.so(CInterfaceManager.cpp-L1713)     Description:U3V, TriggerMode[0], ResultingFrameRate[0.00], ExposureTime[0.00], ExposureAuto[0], PayloadSize[1555200]     Solution:
Info    2025-04-02 15:12:50  DevID:MV-CS016-10UC(DA4851775)  Source-Line:libMvCameraControl.so(CInterfaceManager.cpp-L1800)     Description:[MV_CC_StartGrabbing] return[0x80000301]     Solution:
Error   2025-04-02 15:12:50  DevID:MV-CS016-10UC(DA4851775)  Source-Line:libMvCameraControl.so(CInterfaceManager.cpp-L4492)     Description:[MV_CC_ReadMemory]Address[0x0x30808], Length[4], return[0x80000301]     Solution:
Error   2025-04-02 15:12:50  DevID:MV-CS016-10UC(DA4851775)  Source-Line:libMvCameraControl.so(XmlParse.cpp-L3943)     Description:Set Acquisition Stop Execute Failed, ErrorCode[0x80000301]     Solution:
Info    2025-04-02 15:12:50  DevID:MV-CS016-10UC(DA4851775)  Source-Line:libMvCameraControl.so(CInterfaceManager.cpp-L1888)     Description:[StopGrabbing] return[0x80000003]     Solution:
Error   2025-04-02 15:12:50  DevID:MV-CS016-10UC(DA4851775)  Source-Line:libMvCameraControl.so(CInterfaceManager.cpp-L4492)     Description:[MV_CC_ReadMemory]Address[0x0x30048], Length[4], return[0x80000301]     Solution:
Error   2025-04-02 15:12:50  DevID:MV-CS016-10UC(DA4851775)  Source-Line:libMvCameraControl.so(XmlParse.cpp-L2242)     Description:GetNodeValue [DeviceUptime], nSdkErrCode[80000301]     Solution:
Error   2025-04-02 15:12:50  DevID:MV-CS016-10UC(DA4851775)  Source-Line:libMvCameraControl.so(CInterfaceManager.cpp-L4492)     Description:[MV_CC_ReadMemory]Address[0x0x30824], Length[4], return[0x80000301]     Solution:
Error   2025-04-02 15:12:50  DevID:MV-CS016-10UC(DA4851775)  Source-Line:libMvCameraControl.so(XmlParse.cpp-L1337)     Description:GetNodeValue [ResultingFrameRate], nSdkErrCode[80000301]     Solution:
Error   2025-04-02 15:12:50  DevID:MV-CS016-10UC(DA4851775)  Source-Line:libMvCameraControl.so(CInterfaceManager.cpp-L4492)     Description:[MV_CC_ReadMemory]Address[0x0x30b04], Length[4], return[0x80000301]     Solution:
Error   2025-04-02 15:12:50  DevID:MV-CS016-10UC(DA4851775)  Source-Line:libMvCameraControl.so(XmlParse.cpp-L2674)     Description:GetNodeValue [ExposureTime], nSdkErrCode[80000301]     Solution:
Error   2025-04-02 15:12:50  DevID:MV-CS016-10UC(DA4851775)  Source-Line:libMvCameraControl.so(CInterfaceManager.cpp-L4492)     Description:[MV_CC_ReadMemory]Address[0x0x30b08], Length[4], return[0x80000301]     Solution:
Error   2025-04-02 15:12:50  DevID:MV-CS016-10UC(DA4851775)  Source-Line:libMvCameraControl.so(XmlParse.cpp-L2414)     Description:GetNodeValue [ExposureAuto], nSdkErrCode[80000301]     Solution:
Info    2025-04-02 15:12:50  DevID:MV-CS016-10UC(DA4851775)  Source-Line:libMvCameraControl.so(CInterfaceManager.cpp-L1703)     Description:U3V, DeviceModelName[MV-CS016-10UC], DeviceFirmwareVersion[V2.2.0 2407021311877 24053001], DeviceMaxThroughput[387500]     Solution:
Info    2025-04-02 15:12:50  DevID:MV-CS016-10UC(DA4851775)  Source-Line:libMvCameraControl.so(CInterfaceManager.cpp-L1708)     Description:U3V, Width[1440], Height[1080], OffsetX[0], OffsetY[0], PixelFormat[0x1080009], AcquisitionMode[2]     Solution:
Info    2025-04-02 15:12:50  DevID:MV-CS016-10UC(DA4851775)  Source-Line:libMvCameraControl.so(CInterfaceManager.cpp-L1713)     Description:U3V, TriggerMode[0], ResultingFrameRate[0.00], ExposureTime[0.00], ExposureAuto[0], PayloadSize[1555200]     Solution:
Info    2025-04-02 15:12:50  DevID:MV-CS016-10UC(DA4851775)  Source-Line:libMvCameraControl.so(CInterfaceManager.cpp-L1800)     Description:[MV_CC_StartGrabbing] return[0x80000301]     Solution:
Error   2025-04-02 15:12:50  DevID:MV-CS016-10UC(DA4851775)  Source-Line:libMvCameraControl.so(CInterfaceManager.cpp-L4492)     Description:[MV_CC_ReadMemory]Address[0x0x30808], Length[4], return[0x80000301]     Solution:
Error   2025-04-02 15:12:50  DevID:MV-CS016-10UC(DA4851775)  Source-Line:libMvCameraControl.so(XmlParse.cpp-L3943)     Description:Set Acquisition Stop Execute Failed, ErrorCode[0x80000301]     Solution:
Info    2025-04-02 15:12:50  DevID:MV-CS016-10UC(DA4851775)  Source-Line:libMvCameraControl.so(CInterfaceManager.cpp-L1888)     Description:[StopGrabbing] return[0x80000003]     Solution:
Error   2025-04-02 15:12:50  DevID:MV-CS016-10UC(DA4851775)  Source-Line:libMvCameraControl.so(CInterfaceManager.cpp-L4492)     Description:[MV_CC_ReadMemory]Address[0x0x30048], Length[4], return[0x80000301]     Solution:
Error   2025-04-02 15:12:50  DevID:MV-CS016-10UC(DA4851775)  Source-Line:libMvCameraControl.so(XmlParse.cpp-L2242)     Description:GetNodeValue [DeviceUptime], nSdkErrCode[80000301]     Solution:
Error   2025-04-02 15:12:50  DevID:MV-CS016-10UC(DA4851775)  Source-Line:libMvCameraControl.so(CInterfaceManager.cpp-L4492)     Description:[MV_CC_ReadMemory]Address[0x0x30824], Length[4], return[0x80000301]     Solution:
Error   2025-04-02 15:12:50  DevID:MV-CS016-10UC(DA4851775)  Source-Line:libMvCameraControl.so(XmlParse.cpp-L1337)     Description:GetNodeValue [ResultingFrameRate], nSdkErrCode[80000301]     Solution:
Error   2025-04-02 15:12:50  DevID:MV-CS016-10UC(DA4851775)  Source-Line:libMvCameraControl.so(CInterfaceManager.cpp-L4492)     Description:[MV_CC_ReadMemory]Address[0x0x30b04], Length[4], return[0x80000301]     Solution:
Error   2025-04-02 15:12:50  DevID:MV-CS016-10UC(DA4851775)  Source-Line:libMvCameraControl.so(XmlParse.cpp-L2674)     Description:GetNodeValue [ExposureTime], nSdkErrCode[80000301]     Solution:
Error   2025-04-02 15:12:50  DevID:MV-CS016-10UC(DA4851775)  Source-Line:libMvCameraControl.so(CInterfaceManager.cpp-L4492)     Description:[MV_CC_ReadMemory]Address[0x0x30b08], Length[4], return[0x80000301]     Solution:
Error   2025-04-02 15:12:50  DevID:MV-CS016-10UC(DA4851775)  Source-Line:libMvCameraControl.so(XmlParse.cpp-L2414)     Description:GetNodeValue [ExposureAuto], nSdkErrCode[80000301]     Solution:
Info    2025-04-02 15:12:50  DevID:MV-CS016-10UC(DA4851775)  Source-Line:libMvCameraControl.so(CInterfaceManager.cpp-L1703)     Description:U3V, DeviceModelName[MV-CS016-10UC], DeviceFirmwareVersion[V2.2.0 2407021311877 24053001], DeviceMaxThroughput[387500]     Solution:
Info    2025-04-02 15:12:50  DevID:MV-CS016-10UC(DA4851775)  Source-Line:libMvCameraControl.so(CInterfaceManager.cpp-L1708)     Description:U3V, Width[1440], Height[1080], OffsetX[0], OffsetY[0], PixelFormat[0x1080009], AcquisitionMode[2]     Solution:
Info    2025-04-02 15:12:50  DevID:MV-CS016-10UC(DA4851775)  Source-Line:libMvCameraControl.so(CInterfaceManager.cpp-L1713)     Description:U3V, TriggerMode[0], ResultingFrameRate[0.00], ExposureTime[0.00], ExposureAuto[0], PayloadSize[1555200]     Solution:
Info    2025-04-02 15:12:50  DevID:MV-CS016-10UC(DA4851775)  Source-Line:libMvCameraControl.so(CInterfaceManager.cpp-L1800)     Description:[MV_CC_StartGrabbing] return[0x80000301]     Solution:
Error   2025-04-02 15:12:50  DevID:MV-CS016-10UC(DA4851775)  Source-Line:libMvCameraControl.so(CInterfaceManager.cpp-L4492)     Description:[MV_CC_ReadMemory]Address[0x0x30808], Length[4], return[0x80000301]     Solution:
Error   2025-04-02 15:12:50  DevID:MV-CS016-10UC(DA4851775)  Source-Line:libMvCameraControl.so(XmlParse.cpp-L3943)     Description:Set Acquisition Stop Execute Failed, ErrorCode[0x80000301]     Solution:
Info    2025-04-02 15:12:50  DevID:MV-CS016-10UC(DA4851775)  Source-Line:libMvCameraControl.so(CInterfaceManager.cpp-L1888)     Description:[StopGrabbing] return[0x80000003]     Solution:
Error   2025-04-02 15:12:50  DevID:MV-CS016-10UC(DA4851775)  Source-Line:libMvCameraControl.so(CInterfaceManager.cpp-L4492)     Description:[MV_CC_ReadMemory]Address[0x0x30048], Length[4], return[0x80000301]     Solution:
Error   2025-04-02 15:12:50  DevID:MV-CS016-10UC(DA4851775)  Source-Line:libMvCameraControl.so(XmlParse.cpp-L2242)     Description:GetNodeValue [DeviceUptime], nSdkErrCode[80000301]     Solution:
Error   2025-04-02 15:12:50  DevID:MV-CS016-10UC(DA4851775)  Source-Line:libMvCameraControl.so(CInterfaceManager.cpp-L4492)     Description:[MV_CC_ReadMemory]Address[0x0x30824], Length[4], return[0x80000301]     Solution:
Error   2025-04-02 15:12:50  DevID:MV-CS016-10UC(DA4851775)  Source-Line:libMvCameraControl.so(XmlParse.cpp-L1337)     Description:GetNodeValue [ResultingFrameRate], nSdkErrCode[80000301]     Solution:
Error   2025-04-02 15:12:50  DevID:MV-CS016-10UC(DA4851775)  Source-Line:libMvCameraControl.so(CInterfaceManager.cpp-L4492)     Description:[MV_CC_ReadMemory]Address[0x0x30b04], Length[4], return[0x80000301]     Solution:
Error   2025-04-02 15:12:50  DevID:MV-CS016-10UC(DA4851775)  Source-Line:libMvCameraControl.so(XmlParse.cpp-L2674)     Description:GetNodeValue [ExposureTime], nSdkErrCode[80000301]     Solution:
Error   2025-04-02 15:12:50  DevID:MV-CS016-10UC(DA4851775)  Source-Line:libMvCameraControl.so(CInterfaceManager.cpp-L4492)     Description:[MV_CC_ReadMemory]Address[0x0x30b08], Length[4], return[0x80000301]     Solution:
Error   2025-04-02 15:12:50  DevID:MV-CS016-10UC(DA4851775)  Source-Line:libMvCameraControl.so(XmlParse.cpp-L2414)     Description:GetNodeValue [ExposureAuto], nSdkErrCode[80000301]     Solution:
Info    2025-04-02 15:12:50  DevID:MV-CS016-10UC(DA4851775)  Source-Line:libMvCameraControl.so(CInterfaceManager.cpp-L1703)     Description:U3V, DeviceModelName[MV-CS016-10UC], DeviceFirmwareVersion[V2.2.0 2407021311877 24053001], DeviceMaxThroughput[387500]     Solution:
Info    2025-04-02 15:12:50  DevID:MV-CS016-10UC(DA4851775)  Source-Line:libMvCameraControl.so(CInterfaceManager.cpp-L1708)     Description:U3V, Width[1440], Height[1080], OffsetX[0], OffsetY[0], PixelFormat[0x1080009], AcquisitionMode[2]     Solution:
Info    2025-04-02 15:12:50  DevID:MV-CS016-10UC(DA4851775)  Source-Line:libMvCameraControl.so(CInterfaceManager.cpp-L1713)     Description:U3V, TriggerMode[0], ResultingFrameRate[0.00], ExposureTime[0.00], ExposureAuto[0], PayloadSize[1555200]     Solution:
Info    2025-04-02 15:12:50  DevID:MV-CS016-10UC(DA4851775)  Source-Line:libMvCameraControl.so(CInterfaceManager.cpp-L1800)     Description:[MV_CC_StartGrabbing] return[0x80000301]     Solution:
Error   2025-04-02 15:12:50  DevID:MV-CS016-10UC(DA4851775)  Source-Line:libMvCameraControl.so(CInterfaceManager.cpp-L4492)     Description:[MV_CC_ReadMemory]Address[0x0x30808], Length[4], return[0x80000301]     Solution:
Error   2025-04-02 15:12:50  DevID:MV-CS016-10UC(DA4851775)  Source-Line:libMvCameraControl.so(XmlParse.cpp-L3943)     Description:Set Acquisition Stop Execute Failed, ErrorCode[0x80000301]     Solution:
Info    2025-04-02 15:12:50  DevID:MV-CS016-10UC(DA4851775)  Source-Line:libMvCameraControl.so(CInterfaceManager.cpp-L1888)     Description:[StopGrabbing] return[0x80000003]     Solution:
Error   2025-04-02 15:12:50  DevID:MV-CS016-10UC(DA4851775)  Source-Line:libMvCameraControl.so(CInterfaceManager.cpp-L4492)     Description:[MV_CC_ReadMemory]Address[0x0x30048], Length[4], return[0x80000301]     Solution:
Error   2025-04-02 15:12:50  DevID:MV-CS016-10UC(DA4851775)  Source-Line:libMvCameraControl.so(XmlParse.cpp-L2242)     Description:GetNodeValue [DeviceUptime], nSdkErrCode[80000301]     Solution:
Error   2025-04-02 15:12:50  DevID:MV-CS016-10UC(DA4851775)  Source-Line:libMvCameraControl.so(CInterfaceManager.cpp-L4492)     Description:[MV_CC_ReadMemory]Address[0x0x30824], Length[4], return[0x80000301]     Solution:
Error   2025-04-02 15:12:50  DevID:MV-CS016-10UC(DA4851775)  Source-Line:libMvCameraControl.so(XmlParse.cpp-L1337)     Description:GetNodeValue [ResultingFrameRate], nSdkErrCode[80000301]     Solution:
Error   2025-04-02 15:12:50  DevID:MV-CS016-10UC(DA4851775)  Source-Line:libMvCameraControl.so(CInterfaceManager.cpp-L4492)     Description:[MV_CC_ReadMemory]Address[0x0x30b04], Length[4], return[0x80000301]     Solution:
Error   2025-04-02 15:12:50  DevID:MV-CS016-10UC(DA4851775)  Source-Line:libMvCameraControl.so(XmlParse.cpp-L2674)     Description:GetNodeValue [ExposureTime], nSdkErrCode[80000301]     Solution:
Error   2025-04-02 15:12:50  DevID:MV-CS016-10UC(DA4851775)  Source-Line:libMvCameraControl.so(CInterfaceManager.cpp-L4492)     Description:[MV_CC_ReadMemory]Address[0x0x30b08], Length[4], return[0x80000301]     Solution:
Error   2025-04-02 15:12:50  DevID:MV-CS016-10UC(DA4851775)  Source-Line:libMvCameraControl.so(XmlParse.cpp-L2414)     Description:GetNodeValue [ExposureAuto], nSdkErrCode[80000301]     Solution:
Info    2025-04-02 15:12:50  DevID:MV-CS016-10UC(DA4851775)  Source-Line:libMvCameraControl.so(CInterfaceManager.cpp-L1703)     Description:U3V, DeviceModelName[MV-CS016-10UC], DeviceFirmwareVersion[V2.2.0 2407021311877 24053001], DeviceMaxThroughput[387500]     Solution:
Info    2025-04-02 15:12:50  DevID:MV-CS016-10UC(DA4851775)  Source-Line:libMvCameraControl.so(CInterfaceManager.cpp-L1708)     Description:U3V, Width[1440], Height[1080], OffsetX[0], OffsetY[0], PixelFormat[0x1080009], AcquisitionMode[2]     Solution:
Info    2025-04-02 15:12:50  DevID:MV-CS016-10UC(DA4851775)  Source-Line:libMvCameraControl.so(CInterfaceManager.cpp-L1713)     Description:U3V, TriggerMode[0], ResultingFrameRate[0.00], ExposureTime[0.00], ExposureAuto[0], PayloadSize[1555200]     Solution:
Info    2025-04-02 15:12:50  DevID:MV-CS016-10UC(DA4851775)  Source-Line:libMvCameraControl.so(CInterfaceManager.cpp-L1800)     Description:[MV_CC_StartGrabbing] return[0x80000301]     Solution:
Error   2025-04-02 15:12:50  DevID:MV-CS016-10UC(DA4851775)  Source-Line:libMvCameraControl.so(CInterfaceManager.cpp-L4492)     Description:[MV_CC_ReadMemory]Address[0x0x30808], Length[4], return[0x80000301]     Solution:
Error   2025-04-02 15:12:50  DevID:MV-CS016-10UC(DA4851775)  Source-Line:libMvCameraControl.so(XmlParse.cpp-L3943)     Description:Set Acquisition Stop Execute Failed, ErrorCode[0x80000301]     Solution:
Info    2025-04-02 15:12:50  DevID:MV-CS016-10UC(DA4851775)  Source-Line:libMvCameraControl.so(CInterfaceManager.cpp-L1888)     Description:[StopGrabbing] return[0x80000003]     Solution:
Info    2025-04-02 15:12:50  DevID:MV-CS016-10UC(DA4851775)  Source-Line:libMvCameraControl.so(CInterfaceManager.cpp-L6545)     Description:RecvThread Process Exit     Solution:
Info    2025-04-02 15:12:50  DevID:MV-CS016-10UC(DA4851775)  Source-Line:libMvCameraControl.so(CInterfaceManager.cpp-L6299)     Description:Display process exit     Solution:
Info    2025-04-02 15:12:55  DevID:MV-CS016-10UC(DA4851775)  Source-Line:libMvCameraControl.so(CInterfaceManager.cpp-L1166)     Description:[CloseDevice] return[0x0]     Solution:
Info    2025-04-02 15:13:03  DevID:MV-CS016-10UC(DA4851775)  Source-Line:libMvCameraControl.so(CInterfaceManager.cpp-L0809)     Description:Current dynamic library path[/home/hj/ros2-hik-camera-main/install/hik_camera/lib/libMvCameraControl.so]     Solution:
Info    2025-04-02 15:13:03  DevID:MV-CS016-10UC(DA4851775)  Source-Line:libMvCameraControl.so(CInterfaceManager.cpp-L0812)     Description:CamCtl_Version: 3.2.1.0     Solution:
Info    2025-04-02 15:13:03  DevID:MV-CS016-10UC(DA4851775)  Source-Line:libMvCameraControl.so(CInterfaceManager.cpp-L0813)     Description:CamCtl_Description: BaseLine Build 20211203     Solution:
Info    2025-04-02 15:13:03  DevID:MV-CS016-10UC(DA4851775)  Source-Line:libMvCameraControl.so(CInterfaceManager.cpp-L0815)     Description:[MV_CC_CreateHandle] return[0x0]     Solution:
Info    2025-04-02 15:13:03  DevID:MV-CS016-10UC(DA4851775)  Source-Line:libMvCameraControl.so(CInterfaceManager.cpp-L6710)     Description:CamCtrl[0x3020100], U3V SDKVersion[0x3020100], DriverVersion[0x0]     Solution:
Info    2025-04-02 15:13:03  DevID:MV-CS016-10UC(DA4851775)  Source-Line:libMvCameraControl.so(CInterfaceManager.cpp-L4236)     Description:[MV_CC_InvalidateNodes] return[0x0]     Solution:
Info    2025-04-02 15:13:03  DevID:MV-CS016-10UC(DA4851775)  Source-Line:libMvCameraControl.so(CInterfaceManager.cpp-L1086)     Description:[MV_CC_OpenDevice] nPrivilegeMode[1], nSwitchoverKey[0], return[0x0]     Solution:
Info    2025-04-02 15:13:03  DevID:MV-CS016-10UC(DA4851775)  Source-Line:libMvCameraControl.so(CInterfaceManager.cpp-L3684)     Description:[MV_CC_GetImageInfo] return[0x0]     Solution:
Error   2025-04-02 15:13:03  DevID:MV-CS016-10UC(DA4851775)  Source-Line:libMvCameraControl.so(XmlParse.cpp-L2712)     Description:SetNodeValue [Gain], [Value 32.000000 must be smaller than or equal 16.980700. : OutOfRangeException thrown in node 'Gain' while calling 'Gain.SetValue()' (file 'FloatT.h', line 85)]     Solution:
Error   2025-04-02 15:13:03  DevID:MV-CS016-10UC(DA4851775)  Source-Line:libMvCameraControl.so(CInterfaceManager.cpp-L4058)     Description:[MV_CC_SetFloatValue] Property[Gain], Value[32.000000], return[0x80000102]     Solution:
Info    2025-04-02 15:13:03  DevID:MV-CS016-10UC(DA4851775)  Source-Line:libMvCameraControl.so(CInterfaceManager.cpp-L1703)     Description:U3V, DeviceModelName[MV-CS016-10UC], DeviceFirmwareVersion[V2.2.0 2407021311877 24053001], DeviceMaxThroughput[387500]     Solution:
Info    2025-04-02 15:13:03  DevID:MV-CS016-10UC(DA4851775)  Source-Line:libMvCameraControl.so(CInterfaceManager.cpp-L1708)     Description:U3V, Width[1440], Height[1080], OffsetX[0], OffsetY[0], PixelFormat[0x1080009], AcquisitionMode[2]     Solution:
Info    2025-04-02 15:13:03  DevID:MV-CS016-10UC(DA4851775)  Source-Line:libMvCameraControl.so(CInterfaceManager.cpp-L1713)     Description:U3V, TriggerMode[0], ResultingFrameRate[161.93], ExposureTime[6000.00], ExposureAuto[0], PayloadSize[1555200]     Solution:
Info    2025-04-02 15:13:03  DevID:MV-CS016-10UC(DA4851775)  Source-Line:libMvCameraControl.so(CInterfaceManager.cpp-L6315)     Description:CamCtrl RecvThread Start, ThreadId[864020032]     Solution:
Info    2025-04-02 15:13:03  DevID:MV-CS016-10UC(DA4851775)  Source-Line:libMvCameraControl.so(CInterfaceManager.cpp-L6083)     Description:CamCtrl Display Thread Start, ThreadId[855627328]     Solution:
Info    2025-04-02 15:13:03  DevID:MV-CS016-10UC(DA4851775)  Source-Line:libMvCameraControl.so(CInterfaceManager.cpp-L1795)     Description:There is no registration callback     Solution:
Info    2025-04-02 15:13:03  DevID:MV-CS016-10UC(DA4851775)  Source-Line:libMvCameraControl.so(CInterfaceManager.cpp-L1800)     Description:[MV_CC_StartGrabbing] return[0x0]     Solution:
Error   2025-04-02 15:13:03  DevID:MV-CS016-10UC(DA4851775)  Source-Line:libMvCameraControl.so(CInterfaceManager.cpp-L7947)     Description:[MV_CC_ConvertPixelType] return[0x80000002]     Solution:
Error   2025-04-02 15:14:54  DevID:MV-CS016-10UC(DA4851775)  Source-Line:libMvCameraControl.so(CInterfaceManager.cpp-L4492)     Description:[MV_CC_ReadMemory]Address[0x0x30808], Length[4], return[0x80000301]     Solution:
Error   2025-04-02 15:14:54  DevID:MV-CS016-10UC(DA4851775)  Source-Line:libMvCameraControl.so(XmlParse.cpp-L3943)     Description:Set Acquisition Stop Execute Failed, ErrorCode[0x80000301]     Solution:
Info    2025-04-02 15:15:18  DevID:MV-CS016-10UC(DA4851775)  Source-Line:libMvCameraControl.so(CInterfaceManager.cpp-L0809)     Description:Current dynamic library path[/home/hj/ros2-hik-camera-main/install/hik_camera/lib/libMvCameraControl.so]     Solution:
Info    2025-04-02 15:15:18  DevID:MV-CS016-10UC(DA4851775)  Source-Line:libMvCameraControl.so(CInterfaceManager.cpp-L0812)     Description:CamCtl_Version: 3.2.1.0     Solution:
Info    2025-04-02 15:15:18  DevID:MV-CS016-10UC(DA4851775)  Source-Line:libMvCameraControl.so(CInterfaceManager.cpp-L0813)     Description:CamCtl_Description: BaseLine Build 20211203     Solution:
Info    2025-04-02 15:15:18  DevID:MV-CS016-10UC(DA4851775)  Source-Line:libMvCameraControl.so(CInterfaceManager.cpp-L0815)     Description:[MV_CC_CreateHandle] return[0x0]     Solution:
Info    2025-04-02 15:15:18  DevID:MV-CS016-10UC(DA4851775)  Source-Line:libMvCameraControl.so(CInterfaceManager.cpp-L6710)     Description:CamCtrl[0x3020100], U3V SDKVersion[0x3020100], DriverVersion[0x0]     Solution:
Info    2025-04-02 15:15:18  DevID:MV-CS016-10UC(DA4851775)  Source-Line:libMvCameraControl.so(CInterfaceManager.cpp-L4236)     Description:[MV_CC_InvalidateNodes] return[0x0]     Solution:
Info    2025-04-02 15:15:18  DevID:MV-CS016-10UC(DA4851775)  Source-Line:libMvCameraControl.so(CInterfaceManager.cpp-L1086)     Description:[MV_CC_OpenDevice] nPrivilegeMode[1], nSwitchoverKey[0], return[0x0]     Solution:
Info    2025-04-02 15:15:18  DevID:MV-CS016-10UC(DA4851775)  Source-Line:libMvCameraControl.so(CInterfaceManager.cpp-L3684)     Description:[MV_CC_GetImageInfo] return[0x0]     Solution:
Error   2025-04-02 15:15:18  DevID:MV-CS016-10UC(DA4851775)  Source-Line:libMvCameraControl.so(XmlParse.cpp-L2712)     Description:SetNodeValue [Gain], [Value 32.000000 must be smaller than or equal 16.980700. : OutOfRangeException thrown in node 'Gain' while calling 'Gain.SetValue()' (file 'FloatT.h', line 85)]     Solution:
Error   2025-04-02 15:15:18  DevID:MV-CS016-10UC(DA4851775)  Source-Line:libMvCameraControl.so(CInterfaceManager.cpp-L4058)     Description:[MV_CC_SetFloatValue] Property[Gain], Value[32.000000], return[0x80000102]     Solution:
Info    2025-04-02 15:15:18  DevID:MV-CS016-10UC(DA4851775)  Source-Line:libMvCameraControl.so(CInterfaceManager.cpp-L1703)     Description:U3V, DeviceModelName[MV-CS016-10UC], DeviceFirmwareVersion[V2.2.0 2407021311877 24053001], DeviceMaxThroughput[387500]     Solution:
Info    2025-04-02 15:15:18  DevID:MV-CS016-10UC(DA4851775)  Source-Line:libMvCameraControl.so(CInterfaceManager.cpp-L1708)     Description:U3V, Width[1440], Height[1080], OffsetX[0], OffsetY[0], PixelFormat[0x1080009], AcquisitionMode[2]     Solution:
Info    2025-04-02 15:15:18  DevID:MV-CS016-10UC(DA4851775)  Source-Line:libMvCameraControl.so(CInterfaceManager.cpp-L1713)     Description:U3V, TriggerMode[0], ResultingFrameRate[161.93], ExposureTime[6000.00], ExposureAuto[0], PayloadSize[1555200]     Solution:
Info    2025-04-02 15:15:18  DevID:MV-CS016-10UC(DA4851775)  Source-Line:libMvCameraControl.so(CInterfaceManager.cpp-L6315)     Description:CamCtrl RecvThread Start, ThreadId[1566557760]     Solution:
Info    2025-04-02 15:15:18  DevID:MV-CS016-10UC(DA4851775)  Source-Line:libMvCameraControl.so(CInterfaceManager.cpp-L6083)     Description:CamCtrl Display Thread Start, ThreadId[1558165056]     Solution:
Info    2025-04-02 15:15:18  DevID:MV-CS016-10UC(DA4851775)  Source-Line:libMvCameraControl.so(CInterfaceManager.cpp-L1795)     Description:There is no registration callback     Solution:
Info    2025-04-02 15:15:18  DevID:MV-CS016-10UC(DA4851775)  Source-Line:libMvCameraControl.so(CInterfaceManager.cpp-L1800)     Description:[MV_CC_StartGrabbing] return[0x0]     Solution:
Error   2025-04-02 15:15:18  DevID:MV-CS016-10UC(DA4851775)  Source-Line:libMvCameraControl.so(CInterfaceManager.cpp-L7947)     Description:[MV_CC_ConvertPixelType] return[0x80000002]     Solution:
Info    2025-04-02 15:22:11  DevID:MV-CS016-10UC(DA4851775)  Source-Line:libMvCameraControl.so(CInterfaceManager.cpp-L1888)     Description:[StopGrabbing] return[0x0]     Solution:
Info    2025-04-02 15:22:11  DevID:MV-CS016-10UC(DA4851775)  Source-Line:libMvCameraControl.so(CInterfaceManager.cpp-L6299)     Description:Display process exit     Solution:
Info    2025-04-02 15:22:11  DevID:MV-CS016-10UC(DA4851775)  Source-Line:libMvCameraControl.so(CInterfaceManager.cpp-L6545)     Description:RecvThread Process Exit     Solution:
Info    2025-04-02 15:22:13  DevID:MV-CS016-10UC(DA4851775)  Source-Line:libMvCameraControl.so(CInterfaceManager.cpp-L1166)     Description:[CloseDevice] return[0x0]     Solution:
Info    2025-04-02 15:23:01  DevID:MV-CS016-10UC(DA4851775)  Source-Line:libMvCameraControl.so(CInterfaceManager.cpp-L0809)     Description:Current dynamic library path[/home/hj/ros2-hik-camera-main/install/hik_camera/lib/libMvCameraControl.so]     Solution:
Info    2025-04-02 15:23:01  DevID:MV-CS016-10UC(DA4851775)  Source-Line:libMvCameraControl.so(CInterfaceManager.cpp-L0812)     Description:CamCtl_Version: 3.2.1.0     Solution:
Info    2025-04-02 15:23:01  DevID:MV-CS016-10UC(DA4851775)  Source-Line:libMvCameraControl.so(CInterfaceManager.cpp-L0813)     Description:CamCtl_Description: BaseLine Build 20211203     Solution:
Info    2025-04-02 15:23:01  DevID:MV-CS016-10UC(DA4851775)  Source-Line:libMvCameraControl.so(CInterfaceManager.cpp-L0815)     Description:[MV_CC_CreateHandle] return[0x0]     Solution:
Info    2025-04-02 15:23:01  DevID:MV-CS016-10UC(DA4851775)  Source-Line:libMvCameraControl.so(CInterfaceManager.cpp-L6710)     Description:CamCtrl[0x3020100], U3V SDKVersion[0x3020100], DriverVersion[0x0]     Solution:
Info    2025-04-02 15:23:01  DevID:MV-CS016-10UC(DA4851775)  Source-Line:libMvCameraControl.so(CInterfaceManager.cpp-L4236)     Description:[MV_CC_InvalidateNodes] return[0x0]     Solution:
Info    2025-04-02 15:23:01  DevID:MV-CS016-10UC(DA4851775)  Source-Line:libMvCameraControl.so(CInterfaceManager.cpp-L1086)     Description:[MV_CC_OpenDevice] nPrivilegeMode[1], nSwitchoverKey[0], return[0x0]     Solution:
Info    2025-04-02 15:23:01  DevID:MV-CS016-10UC(DA4851775)  Source-Line:libMvCameraControl.so(CInterfaceManager.cpp-L3684)     Description:[MV_CC_GetImageInfo] return[0x0]     Solution:
Error   2025-04-02 15:23:01  DevID:MV-CS016-10UC(DA4851775)  Source-Line:libMvCameraControl.so(XmlParse.cpp-L2712)     Description:SetNodeValue [Gain], [Value 32.000000 must be smaller than or equal 16.980700. : OutOfRangeException thrown in node 'Gain' while calling 'Gain.SetValue()' (file 'FloatT.h', line 85)]     Solution:
Error   2025-04-02 15:23:01  DevID:MV-CS016-10UC(DA4851775)  Source-Line:libMvCameraControl.so(CInterfaceManager.cpp-L4058)     Description:[MV_CC_SetFloatValue] Property[Gain], Value[32.000000], return[0x80000102]     Solution:
Info    2025-04-02 15:23:01  DevID:MV-CS016-10UC(DA4851775)  Source-Line:libMvCameraControl.so(CInterfaceManager.cpp-L1703)     Description:U3V, DeviceModelName[MV-CS016-10UC], DeviceFirmwareVersion[V2.2.0 2407021311877 24053001], DeviceMaxThroughput[387500]     Solution:
Info    2025-04-02 15:23:01  DevID:MV-CS016-10UC(DA4851775)  Source-Line:libMvCameraControl.so(CInterfaceManager.cpp-L1708)     Description:U3V, Width[1440], Height[1080], OffsetX[0], OffsetY[0], PixelFormat[0x1080009], AcquisitionMode[2]     Solution:
Info    2025-04-02 15:23:01  DevID:MV-CS016-10UC(DA4851775)  Source-Line:libMvCameraControl.so(CInterfaceManager.cpp-L1713)     Description:U3V, TriggerMode[0], ResultingFrameRate[161.93], ExposureTime[6000.00], ExposureAuto[0], PayloadSize[1555200]     Solution:
Info    2025-04-02 15:23:01  DevID:MV-CS016-10UC(DA4851775)  Source-Line:libMvCameraControl.so(CInterfaceManager.cpp-L6315)     Description:CamCtrl RecvThread Start, ThreadId[232330816]     Solution:
Info    2025-04-02 15:23:01  DevID:MV-CS016-10UC(DA4851775)  Source-Line:libMvCameraControl.so(CInterfaceManager.cpp-L6083)     Description:CamCtrl Display Thread Start, ThreadId[223938112]     Solution:
Info    2025-04-02 15:23:01  DevID:MV-CS016-10UC(DA4851775)  Source-Line:libMvCameraControl.so(CInterfaceManager.cpp-L1795)     Description:There is no registration callback     Solution:
Info    2025-04-02 15:23:01  DevID:MV-CS016-10UC(DA4851775)  Source-Line:libMvCameraControl.so(CInterfaceManager.cpp-L1800)     Description:[MV_CC_StartGrabbing] return[0x0]     Solution:
Error   2025-04-02 15:23:01  DevID:MV-CS016-10UC(DA4851775)  Source-Line:libMvCameraControl.so(CInterfaceManager.cpp-L7947)     Description:[MV_CC_ConvertPixelType] return[0x80000002]     Solution:
Error   2025-04-02 15:23:23  DevID:MV-CS016-10UC(DA4851775)  Source-Line:libMvCameraControl.so(CInterfaceManager.cpp-L4492)     Description:[MV_CC_ReadMemory]Address[0x0x30808], Length[4], return[0x80000301]     Solution:
Error   2025-04-02 15:23:23  DevID:MV-CS016-10UC(DA4851775)  Source-Line:libMvCameraControl.so(XmlParse.cpp-L3943)     Description:Set Acquisition Stop Execute Failed, ErrorCode[0x80000301]     Solution:
Info    2025-04-02 15:23:43  DevID:MV-CS016-10UC(DA4851775)  Source-Line:libMvCameraControl.so(CInterfaceManager.cpp-L1888)     Description:[StopGrabbing] return[0x80000301]     Solution:
Error   2025-04-02 15:23:43  DevID:MV-CS016-10UC(DA4851775)  Source-Line:libMvCameraControl.so(CInterfaceManager.cpp-L4492)     Description:[MV_CC_ReadMemory]Address[0x0x30048], Length[4], return[0x80000301]     Solution:
Error   2025-04-02 15:23:43  DevID:MV-CS016-10UC(DA4851775)  Source-Line:libMvCameraControl.so(XmlParse.cpp-L2242)     Description:GetNodeValue [DeviceUptime], nSdkErrCode[80000301]     Solution:
Error   2025-04-02 15:23:43  DevID:MV-CS016-10UC(DA4851775)  Source-Line:libMvCameraControl.so(CInterfaceManager.cpp-L4492)     Description:[MV_CC_ReadMemory]Address[0x0x30824], Length[4], return[0x80000301]     Solution:
Error   2025-04-02 15:23:43  DevID:MV-CS016-10UC(DA4851775)  Source-Line:libMvCameraControl.so(XmlParse.cpp-L1337)     Description:GetNodeValue [ResultingFrameRate], nSdkErrCode[80000301]     Solution:
Error   2025-04-02 15:23:43  DevID:MV-CS016-10UC(DA4851775)  Source-Line:libMvCameraControl.so(CInterfaceManager.cpp-L4492)     Description:[MV_CC_ReadMemory]Address[0x0x30b08], Length[4], return[0x80000301]     Solution:
Error   2025-04-02 15:23:43  DevID:MV-CS016-10UC(DA4851775)  Source-Line:libMvCameraControl.so(XmlParse.cpp-L2674)     Description:GetNodeValue [ExposureTime], nSdkErrCode[80000301]     Solution:
Error   2025-04-02 15:23:43  DevID:MV-CS016-10UC(DA4851775)  Source-Line:libMvCameraControl.so(CInterfaceManager.cpp-L4492)     Description:[MV_CC_ReadMemory]Address[0x0x30b08], Length[4], return[0x80000301]     Solution:
Error   2025-04-02 15:23:43  DevID:MV-CS016-10UC(DA4851775)  Source-Line:libMvCameraControl.so(XmlParse.cpp-L2414)     Description:GetNodeValue [ExposureAuto], nSdkErrCode[80000301]     Solution:
Info    2025-04-02 15:23:43  DevID:MV-CS016-10UC(DA4851775)  Source-Line:libMvCameraControl.so(CInterfaceManager.cpp-L1703)     Description:U3V, DeviceModelName[MV-CS016-10UC], DeviceFirmwareVersion[V2.2.0 2407021311877 24053001], DeviceMaxThroughput[387500]     Solution:
Info    2025-04-02 15:23:43  DevID:MV-CS016-10UC(DA4851775)  Source-Line:libMvCameraControl.so(CInterfaceManager.cpp-L1708)     Description:U3V, Width[1440], Height[1080], OffsetX[0], OffsetY[0], PixelFormat[0x1080009], AcquisitionMode[2]     Solution:
Info    2025-04-02 15:23:43  DevID:MV-CS016-10UC(DA4851775)  Source-Line:libMvCameraControl.so(CInterfaceManager.cpp-L1713)     Description:U3V, TriggerMode[0], ResultingFrameRate[0.00], ExposureTime[0.00], ExposureAuto[0], PayloadSize[1555200]     Solution:
Info    2025-04-02 15:23:43  DevID:MV-CS016-10UC(DA4851775)  Source-Line:libMvCameraControl.so(CInterfaceManager.cpp-L1800)     Description:[MV_CC_StartGrabbing] return[0x80000301]     Solution:
Error   2025-04-02 15:23:43  DevID:MV-CS016-10UC(DA4851775)  Source-Line:libMvCameraControl.so(CInterfaceManager.cpp-L4492)     Description:[MV_CC_ReadMemory]Address[0x0x30808], Length[4], return[0x80000301]     Solution:
Error   2025-04-02 15:23:43  DevID:MV-CS016-10UC(DA4851775)  Source-Line:libMvCameraControl.so(XmlParse.cpp-L3943)     Description:Set Acquisition Stop Execute Failed, ErrorCode[0x80000301]     Solution:
Info    2025-04-02 15:23:43  DevID:MV-CS016-10UC(DA4851775)  Source-Line:libMvCameraControl.so(CInterfaceManager.cpp-L1888)     Description:[StopGrabbing] return[0x80000003]     Solution:
Info    2025-04-02 15:23:43  DevID:MV-CS016-10UC(DA4851775)  Source-Line:libMvCameraControl.so(CInterfaceManager.cpp-L6299)     Description:Display process exit     Solution:
Info    2025-04-02 15:23:43  DevID:MV-CS016-10UC(DA4851775)  Source-Line:libMvCameraControl.so(CInterfaceManager.cpp-L6545)     Description:RecvThread Process Exit     Solution:
Info    2025-04-02 15:23:48  DevID:MV-CS016-10UC(DA4851775)  Source-Line:libMvCameraControl.so(CInterfaceManager.cpp-L1166)     Description:[CloseDevice] return[0x0]     Solution:
Info    2025-04-02 15:23:50  DevID:MV-CS016-10UC(DA4851775)  Source-Line:libMvCameraControl.so(CInterfaceManager.cpp-L0809)     Description:Current dynamic library path[/home/hj/ros2-hik-camera-main/install/hik_camera/lib/libMvCameraControl.so]     Solution:
Info    2025-04-02 15:23:50  DevID:MV-CS016-10UC(DA4851775)  Source-Line:libMvCameraControl.so(CInterfaceManager.cpp-L0812)     Description:CamCtl_Version: 3.2.1.0     Solution:
Info    2025-04-02 15:23:50  DevID:MV-CS016-10UC(DA4851775)  Source-Line:libMvCameraControl.so(CInterfaceManager.cpp-L0813)     Description:CamCtl_Description: BaseLine Build 20211203     Solution:
Info    2025-04-02 15:23:50  DevID:MV-CS016-10UC(DA4851775)  Source-Line:libMvCameraControl.so(CInterfaceManager.cpp-L0815)     Description:[MV_CC_CreateHandle] return[0x0]     Solution:
Info    2025-04-02 15:23:50  DevID:MV-CS016-10UC(DA4851775)  Source-Line:libMvCameraControl.so(CInterfaceManager.cpp-L6710)     Description:CamCtrl[0x3020100], U3V SDKVersion[0x3020100], DriverVersion[0x0]     Solution:
Info    2025-04-02 15:23:50  DevID:MV-CS016-10UC(DA4851775)  Source-Line:libMvCameraControl.so(CInterfaceManager.cpp-L4236)     Description:[MV_CC_InvalidateNodes] return[0x0]     Solution:
Info    2025-04-02 15:23:50  DevID:MV-CS016-10UC(DA4851775)  Source-Line:libMvCameraControl.so(CInterfaceManager.cpp-L1086)     Description:[MV_CC_OpenDevice] nPrivilegeMode[1], nSwitchoverKey[0], return[0x0]     Solution:
Info    2025-04-02 15:23:50  DevID:MV-CS016-10UC(DA4851775)  Source-Line:libMvCameraControl.so(CInterfaceManager.cpp-L3684)     Description:[MV_CC_GetImageInfo] return[0x0]     Solution:
Error   2025-04-02 15:23:50  DevID:MV-CS016-10UC(DA4851775)  Source-Line:libMvCameraControl.so(XmlParse.cpp-L2712)     Description:SetNodeValue [Gain], [Value 32.000000 must be smaller than or equal 16.980700. : OutOfRangeException thrown in node 'Gain' while calling 'Gain.SetValue()' (file 'FloatT.h', line 85)]     Solution:
Error   2025-04-02 15:23:50  DevID:MV-CS016-10UC(DA4851775)  Source-Line:libMvCameraControl.so(CInterfaceManager.cpp-L4058)     Description:[MV_CC_SetFloatValue] Property[Gain], Value[32.000000], return[0x80000102]     Solution:
Info    2025-04-02 15:23:50  DevID:MV-CS016-10UC(DA4851775)  Source-Line:libMvCameraControl.so(CInterfaceManager.cpp-L1703)     Description:U3V, DeviceModelName[MV-CS016-10UC], DeviceFirmwareVersion[V2.2.0 2407021311877 24053001], DeviceMaxThroughput[387500]     Solution:
Info    2025-04-02 15:23:50  DevID:MV-CS016-10UC(DA4851775)  Source-Line:libMvCameraControl.so(CInterfaceManager.cpp-L1708)     Description:U3V, Width[1440], Height[1080], OffsetX[0], OffsetY[0], PixelFormat[0x1080009], AcquisitionMode[2]     Solution:
Info    2025-04-02 15:23:50  DevID:MV-CS016-10UC(DA4851775)  Source-Line:libMvCameraControl.so(CInterfaceManager.cpp-L1713)     Description:U3V, TriggerMode[0], ResultingFrameRate[161.93], ExposureTime[6000.00], ExposureAuto[0], PayloadSize[1555200]     Solution:
Info    2025-04-02 15:23:50  DevID:MV-CS016-10UC(DA4851775)  Source-Line:libMvCameraControl.so(CInterfaceManager.cpp-L6315)     Description:CamCtrl RecvThread Start, ThreadId[-947919296]     Solution:
Info    2025-04-02 15:23:50  DevID:MV-CS016-10UC(DA4851775)  Source-Line:libMvCameraControl.so(CInterfaceManager.cpp-L6083)     Description:CamCtrl Display Thread Start, ThreadId[-956312000]     Solution:
Info    2025-04-02 15:23:50  DevID:MV-CS016-10UC(DA4851775)  Source-Line:libMvCameraControl.so(CInterfaceManager.cpp-L1795)     Description:There is no registration callback     Solution:
Info    2025-04-02 15:23:50  DevID:MV-CS016-10UC(DA4851775)  Source-Line:libMvCameraControl.so(CInterfaceManager.cpp-L1800)     Description:[MV_CC_StartGrabbing] return[0x0]     Solution:
Error   2025-04-02 15:23:50  DevID:MV-CS016-10UC(DA4851775)  Source-Line:libMvCameraControl.so(CInterfaceManager.cpp-L7947)     Description:[MV_CC_ConvertPixelType] return[0x80000002]     Solution:
Info    2025-04-02 15:27:32  DevID:MV-CS016-10UC(DA4851775)  Source-Line:libMvCameraControl.so(CInterfaceManager.cpp-L1888)     Description:[StopGrabbing] return[0x0]     Solution:
Info    2025-04-02 15:27:32  DevID:MV-CS016-10UC(DA4851775)  Source-Line:libMvCameraControl.so(CInterfaceManager.cpp-L6545)     Description:RecvThread Process Exit     Solution:
Info    2025-04-02 15:27:32  DevID:MV-CS016-10UC(DA4851775)  Source-Line:libMvCameraControl.so(CInterfaceManager.cpp-L6299)     Description:Display process exit     Solution:
Info    2025-04-02 15:27:32  DevID:MV-CS016-10UC(DA4851775)  Source-Line:libMvCameraControl.so(CInterfaceManager.cpp-L1166)     Description:[CloseDevice] return[0x0]     Solution:
Info    2025-04-02 15:28:01  DevID:MV-CS016-10UC(DA4851775)  Source-Line:libMvCameraControl.so(CInterfaceManager.cpp-L0809)     Description:Current dynamic library path[/home/hj/ros2-hik-camera-main/install/hik_camera/lib/libMvCameraControl.so]     Solution:
Info    2025-04-02 15:28:01  DevID:MV-CS016-10UC(DA4851775)  Source-Line:libMvCameraControl.so(CInterfaceManager.cpp-L0812)     Description:CamCtl_Version: 3.2.1.0     Solution:
Info    2025-04-02 15:28:01  DevID:MV-CS016-10UC(DA4851775)  Source-Line:libMvCameraControl.so(CInterfaceManager.cpp-L0813)     Description:CamCtl_Description: BaseLine Build 20211203     Solution:
Info    2025-04-02 15:28:01  DevID:MV-CS016-10UC(DA4851775)  Source-Line:libMvCameraControl.so(CInterfaceManager.cpp-L0815)     Description:[MV_CC_CreateHandle] return[0x0]     Solution:
Info    2025-04-02 15:28:01  DevID:MV-CS016-10UC(DA4851775)  Source-Line:libMvCameraControl.so(CInterfaceManager.cpp-L6710)     Description:CamCtrl[0x3020100], U3V SDKVersion[0x3020100], DriverVersion[0x0]     Solution:
Info    2025-04-02 15:28:01  DevID:MV-CS016-10UC(DA4851775)  Source-Line:libMvCameraControl.so(CInterfaceManager.cpp-L4236)     Description:[MV_CC_InvalidateNodes] return[0x0]     Solution:
Info    2025-04-02 15:28:01  DevID:MV-CS016-10UC(DA4851775)  Source-Line:libMvCameraControl.so(CInterfaceManager.cpp-L1086)     Description:[MV_CC_OpenDevice] nPrivilegeMode[1], nSwitchoverKey[0], return[0x0]     Solution:
Info    2025-04-02 15:28:01  DevID:MV-CS016-10UC(DA4851775)  Source-Line:libMvCameraControl.so(CInterfaceManager.cpp-L3684)     Description:[MV_CC_GetImageInfo] return[0x0]     Solution:
Error   2025-04-02 15:28:01  DevID:MV-CS016-10UC(DA4851775)  Source-Line:libMvCameraControl.so(XmlParse.cpp-L2712)     Description:SetNodeValue [Gain], [Value 32.000000 must be smaller than or equal 16.980700. : OutOfRangeException thrown in node 'Gain' while calling 'Gain.SetValue()' (file 'FloatT.h', line 85)]     Solution:
Error   2025-04-02 15:28:01  DevID:MV-CS016-10UC(DA4851775)  Source-Line:libMvCameraControl.so(CInterfaceManager.cpp-L4058)     Description:[MV_CC_SetFloatValue] Property[Gain], Value[32.000000], return[0x80000102]     Solution:
Info    2025-04-02 15:28:01  DevID:MV-CS016-10UC(DA4851775)  Source-Line:libMvCameraControl.so(CInterfaceManager.cpp-L1703)     Description:U3V, DeviceModelName[MV-CS016-10UC], DeviceFirmwareVersion[V2.2.0 2407021311877 24053001], DeviceMaxThroughput[387500]     Solution:
Info    2025-04-02 15:28:01  DevID:MV-CS016-10UC(DA4851775)  Source-Line:libMvCameraControl.so(CInterfaceManager.cpp-L1708)     Description:U3V, Width[1440], Height[1080], OffsetX[0], OffsetY[0], PixelFormat[0x1080009], AcquisitionMode[2]     Solution:
Info    2025-04-02 15:28:01  DevID:MV-CS016-10UC(DA4851775)  Source-Line:libMvCameraControl.so(CInterfaceManager.cpp-L1713)     Description:U3V, TriggerMode[0], ResultingFrameRate[161.93], ExposureTime[6000.00], ExposureAuto[0], PayloadSize[1555200]     Solution:
Info    2025-04-02 15:28:01  DevID:MV-CS016-10UC(DA4851775)  Source-Line:libMvCameraControl.so(CInterfaceManager.cpp-L6315)     Description:CamCtrl RecvThread Start, ThreadId[1248917056]     Solution:
Info    2025-04-02 15:28:01  DevID:MV-CS016-10UC(DA4851775)  Source-Line:libMvCameraControl.so(CInterfaceManager.cpp-L6083)     Description:CamCtrl Display Thread Start, ThreadId[1240524352]     Solution:
Info    2025-04-02 15:28:01  DevID:MV-CS016-10UC(DA4851775)  Source-Line:libMvCameraControl.so(CInterfaceManager.cpp-L1795)     Description:There is no registration callback     Solution:
Info    2025-04-02 15:28:01  DevID:MV-CS016-10UC(DA4851775)  Source-Line:libMvCameraControl.so(CInterfaceManager.cpp-L1800)     Description:[MV_CC_StartGrabbing] return[0x0]     Solution:
Error   2025-04-02 15:28:01  DevID:MV-CS016-10UC(DA4851775)  Source-Line:libMvCameraControl.so(CInterfaceManager.cpp-L7947)     Description:[MV_CC_ConvertPixelType] return[0x80000002]     Solution:
Error   2025-04-02 15:28:23  DevID:MV-CS016-10UC(DA4851775)  Source-Line:libMvCameraControl.so(CInterfaceManager.cpp-L4492)     Description:[MV_CC_ReadMemory]Address[0x0x30808], Length[4], return[0x80000301]     Solution:
Error   2025-04-02 15:28:23  DevID:MV-CS016-10UC(DA4851775)  Source-Line:libMvCameraControl.so(XmlParse.cpp-L3943)     Description:Set Acquisition Stop Execute Failed, ErrorCode[0x80000301]     Solution:
Info    2025-04-02 15:28:49  DevID:MV-CS016-10UC(DA4851775)  Source-Line:libMvCameraControl.so(CInterfaceManager.cpp-L1888)     Description:[StopGrabbing] return[0x80000301]     Solution:
Error   2025-04-02 15:28:49  DevID:MV-CS016-10UC(DA4851775)  Source-Line:libMvCameraControl.so(CInterfaceManager.cpp-L4492)     Description:[MV_CC_ReadMemory]Address[0x0x30048], Length[4], return[0x80000301]     Solution:
Error   2025-04-02 15:28:49  DevID:MV-CS016-10UC(DA4851775)  Source-Line:libMvCameraControl.so(XmlParse.cpp-L2242)     Description:GetNodeValue [DeviceUptime], nSdkErrCode[80000301]     Solution:
Error   2025-04-02 15:28:49  DevID:MV-CS016-10UC(DA4851775)  Source-Line:libMvCameraControl.so(CInterfaceManager.cpp-L4492)     Description:[MV_CC_ReadMemory]Address[0x0x30824], Length[4], return[0x80000301]     Solution:
Error   2025-04-02 15:28:49  DevID:MV-CS016-10UC(DA4851775)  Source-Line:libMvCameraControl.so(XmlParse.cpp-L1337)     Description:GetNodeValue [ResultingFrameRate], nSdkErrCode[80000301]     Solution:
Error   2025-04-02 15:28:49  DevID:MV-CS016-10UC(DA4851775)  Source-Line:libMvCameraControl.so(CInterfaceManager.cpp-L4492)     Description:[MV_CC_ReadMemory]Address[0x0x30b08], Length[4], return[0x80000301]     Solution:
Error   2025-04-02 15:28:49  DevID:MV-CS016-10UC(DA4851775)  Source-Line:libMvCameraControl.so(XmlParse.cpp-L2674)     Description:GetNodeValue [ExposureTime], nSdkErrCode[80000301]     Solution:
Error   2025-04-02 15:28:49  DevID:MV-CS016-10UC(DA4851775)  Source-Line:libMvCameraControl.so(CInterfaceManager.cpp-L4492)     Description:[MV_CC_ReadMemory]Address[0x0x30b08], Length[4], return[0x80000301]     Solution:
Error   2025-04-02 15:28:49  DevID:MV-CS016-10UC(DA4851775)  Source-Line:libMvCameraControl.so(XmlParse.cpp-L2414)     Description:GetNodeValue [ExposureAuto], nSdkErrCode[80000301]     Solution:
Info    2025-04-02 15:28:49  DevID:MV-CS016-10UC(DA4851775)  Source-Line:libMvCameraControl.so(CInterfaceManager.cpp-L1703)     Description:U3V, DeviceModelName[MV-CS016-10UC], DeviceFirmwareVersion[V2.2.0 2407021311877 24053001], DeviceMaxThroughput[387500]     Solution:
Info    2025-04-02 15:28:49  DevID:MV-CS016-10UC(DA4851775)  Source-Line:libMvCameraControl.so(CInterfaceManager.cpp-L1708)     Description:U3V, Width[1440], Height[1080], OffsetX[0], OffsetY[0], PixelFormat[0x1080009], AcquisitionMode[2]     Solution:
Info    2025-04-02 15:28:49  DevID:MV-CS016-10UC(DA4851775)  Source-Line:libMvCameraControl.so(CInterfaceManager.cpp-L1713)     Description:U3V, TriggerMode[0], ResultingFrameRate[0.00], ExposureTime[0.00], ExposureAuto[0], PayloadSize[1555200]     Solution:
Info    2025-04-02 15:28:49  DevID:MV-CS016-10UC(DA4851775)  Source-Line:libMvCameraControl.so(CInterfaceManager.cpp-L1800)     Description:[MV_CC_StartGrabbing] return[0x80000301]     Solution:
Error   2025-04-02 15:28:49  DevID:MV-CS016-10UC(DA4851775)  Source-Line:libMvCameraControl.so(CInterfaceManager.cpp-L4492)     Description:[MV_CC_ReadMemory]Address[0x0x30808], Length[4], return[0x80000301]     Solution:
Error   2025-04-02 15:28:49  DevID:MV-CS016-10UC(DA4851775)  Source-Line:libMvCameraControl.so(XmlParse.cpp-L3943)     Description:Set Acquisition Stop Execute Failed, ErrorCode[0x80000301]     Solution:
Info    2025-04-02 15:28:49  DevID:MV-CS016-10UC(DA4851775)  Source-Line:libMvCameraControl.so(CInterfaceManager.cpp-L1888)     Description:[StopGrabbing] return[0x80000003]     Solution:
Info    2025-04-02 15:28:49  DevID:MV-CS016-10UC(DA4851775)  Source-Line:libMvCameraControl.so(CInterfaceManager.cpp-L6545)     Description:RecvThread Process Exit     Solution:
Info    2025-04-02 15:28:49  DevID:MV-CS016-10UC(DA4851775)  Source-Line:libMvCameraControl.so(CInterfaceManager.cpp-L6299)     Description:Display process exit     Solution:
Info    2025-04-02 15:29:18  DevID:MV-CS016-10UC(DA4851775)  Source-Line:libMvCameraControl.so(CInterfaceManager.cpp-L0809)     Description:Current dynamic library path[/home/hj/ros2-hik-camera-main/install/hik_camera/lib/libMvCameraControl.so]     Solution:
Info    2025-04-02 15:29:18  DevID:MV-CS016-10UC(DA4851775)  Source-Line:libMvCameraControl.so(CInterfaceManager.cpp-L0812)     Description:CamCtl_Version: 3.2.1.0     Solution:
Info    2025-04-02 15:29:18  DevID:MV-CS016-10UC(DA4851775)  Source-Line:libMvCameraControl.so(CInterfaceManager.cpp-L0813)     Description:CamCtl_Description: BaseLine Build 20211203     Solution:
Info    2025-04-02 15:29:18  DevID:MV-CS016-10UC(DA4851775)  Source-Line:libMvCameraControl.so(CInterfaceManager.cpp-L0815)     Description:[MV_CC_CreateHandle] return[0x0]     Solution:
Info    2025-04-02 15:29:18  DevID:MV-CS016-10UC(DA4851775)  Source-Line:libMvCameraControl.so(CInterfaceManager.cpp-L6710)     Description:CamCtrl[0x3020100], U3V SDKVersion[0x3020100], DriverVersion[0x0]     Solution:
Info    2025-04-02 15:29:18  DevID:MV-CS016-10UC(DA4851775)  Source-Line:libMvCameraControl.so(CInterfaceManager.cpp-L4236)     Description:[MV_CC_InvalidateNodes] return[0x0]     Solution:
Info    2025-04-02 15:29:18  DevID:MV-CS016-10UC(DA4851775)  Source-Line:libMvCameraControl.so(CInterfaceManager.cpp-L1086)     Description:[MV_CC_OpenDevice] nPrivilegeMode[1], nSwitchoverKey[0], return[0x0]     Solution:
Info    2025-04-02 15:29:18  DevID:MV-CS016-10UC(DA4851775)  Source-Line:libMvCameraControl.so(CInterfaceManager.cpp-L3684)     Description:[MV_CC_GetImageInfo] return[0x0]     Solution:
Error   2025-04-02 15:29:18  DevID:MV-CS016-10UC(DA4851775)  Source-Line:libMvCameraControl.so(XmlParse.cpp-L2712)     Description:SetNodeValue [Gain], [Value 32.000000 must be smaller than or equal 16.980700. : OutOfRangeException thrown in node 'Gain' while calling 'Gain.SetValue()' (file 'FloatT.h', line 85)]     Solution:
Error   2025-04-02 15:29:18  DevID:MV-CS016-10UC(DA4851775)  Source-Line:libMvCameraControl.so(CInterfaceManager.cpp-L4058)     Description:[MV_CC_SetFloatValue] Property[Gain], Value[32.000000], return[0x80000102]     Solution:
Info    2025-04-02 15:29:18  DevID:MV-CS016-10UC(DA4851775)  Source-Line:libMvCameraControl.so(CInterfaceManager.cpp-L1703)     Description:U3V, DeviceModelName[MV-CS016-10UC], DeviceFirmwareVersion[V2.2.0 2407021311877 24053001], DeviceMaxThroughput[387500]     Solution:
Info    2025-04-02 15:29:18  DevID:MV-CS016-10UC(DA4851775)  Source-Line:libMvCameraControl.so(CInterfaceManager.cpp-L1708)     Description:U3V, Width[1440], Height[1080], OffsetX[0], OffsetY[0], PixelFormat[0x1080009], AcquisitionMode[2]     Solution:
Info    2025-04-02 15:29:18  DevID:MV-CS016-10UC(DA4851775)  Source-Line:libMvCameraControl.so(CInterfaceManager.cpp-L1713)     Description:U3V, TriggerMode[0], ResultingFrameRate[161.93], ExposureTime[6000.00], ExposureAuto[0], PayloadSize[1555200]     Solution:
Info    2025-04-02 15:29:18  DevID:MV-CS016-10UC(DA4851775)  Source-Line:libMvCameraControl.so(CInterfaceManager.cpp-L6083)     Description:CamCtrl Display Thread Start, ThreadId[-1041177024]     Solution:
Info    2025-04-02 15:29:18  DevID:MV-CS016-10UC(DA4851775)  Source-Line:libMvCameraControl.so(CInterfaceManager.cpp-L6315)     Description:CamCtrl RecvThread Start, ThreadId[-1032784320]     Solution:
Info    2025-04-02 15:29:18  DevID:MV-CS016-10UC(DA4851775)  Source-Line:libMvCameraControl.so(CInterfaceManager.cpp-L1795)     Description:There is no registration callback     Solution:
Info    2025-04-02 15:29:18  DevID:MV-CS016-10UC(DA4851775)  Source-Line:libMvCameraControl.so(CInterfaceManager.cpp-L1800)     Description:[MV_CC_StartGrabbing] return[0x0]     Solution:
Error   2025-04-02 15:29:18  DevID:MV-CS016-10UC(DA4851775)  Source-Line:libMvCameraControl.so(CInterfaceManager.cpp-L7947)     Description:[MV_CC_ConvertPixelType] return[0x80000002]     Solution:
Error   2025-04-02 15:29:22  DevID:MV-CS016-10UC(DA4851775)  Source-Line:libMvCameraControl.so(CInterfaceManager.cpp-L4492)     Description:[MV_CC_ReadMemory]Address[0x0x30808], Length[4], return[0x80000301]     Solution:
Error   2025-04-02 15:29:22  DevID:MV-CS016-10UC(DA4851775)  Source-Line:libMvCameraControl.so(XmlParse.cpp-L3943)     Description:Set Acquisition Stop Execute Failed, ErrorCode[0x80000301]     Solution:
Info    2025-04-02 15:30:43  DevID:MV-CS016-10UC(DA4851775)  Source-Line:libMvCameraControl.so(CInterfaceManager.cpp-L0809)     Description:Current dynamic library path[/home/hj/ros2-hik-camera-main/install/hik_camera/lib/libMvCameraControl.so]     Solution:
Info    2025-04-02 15:30:43  DevID:MV-CS016-10UC(DA4851775)  Source-Line:libMvCameraControl.so(CInterfaceManager.cpp-L0812)     Description:CamCtl_Version: 3.2.1.0     Solution:
Info    2025-04-02 15:30:43  DevID:MV-CS016-10UC(DA4851775)  Source-Line:libMvCameraControl.so(CInterfaceManager.cpp-L0813)     Description:CamCtl_Description: BaseLine Build 20211203     Solution:
Info    2025-04-02 15:30:43  DevID:MV-CS016-10UC(DA4851775)  Source-Line:libMvCameraControl.so(CInterfaceManager.cpp-L0815)     Description:[MV_CC_CreateHandle] return[0x0]     Solution:
Info    2025-04-02 15:30:43  DevID:MV-CS016-10UC(DA4851775)  Source-Line:libMvCameraControl.so(CInterfaceManager.cpp-L6710)     Description:CamCtrl[0x3020100], U3V SDKVersion[0x3020100], DriverVersion[0x0]     Solution:
Info    2025-04-02 15:30:44  DevID:MV-CS016-10UC(DA4851775)  Source-Line:libMvCameraControl.so(CInterfaceManager.cpp-L4236)     Description:[MV_CC_InvalidateNodes] return[0x0]     Solution:
Info    2025-04-02 15:30:44  DevID:MV-CS016-10UC(DA4851775)  Source-Line:libMvCameraControl.so(CInterfaceManager.cpp-L1086)     Description:[MV_CC_OpenDevice] nPrivilegeMode[1], nSwitchoverKey[0], return[0x0]     Solution:
Info    2025-04-02 15:30:44  DevID:MV-CS016-10UC(DA4851775)  Source-Line:libMvCameraControl.so(CInterfaceManager.cpp-L3684)     Description:[MV_CC_GetImageInfo] return[0x0]     Solution:
Error   2025-04-02 15:30:44  DevID:MV-CS016-10UC(DA4851775)  Source-Line:libMvCameraControl.so(XmlParse.cpp-L2712)     Description:SetNodeValue [Gain], [Value 32.000000 must be smaller than or equal 16.980700. : OutOfRangeException thrown in node 'Gain' while calling 'Gain.SetValue()' (file 'FloatT.h', line 85)]     Solution:
Error   2025-04-02 15:30:44  DevID:MV-CS016-10UC(DA4851775)  Source-Line:libMvCameraControl.so(CInterfaceManager.cpp-L4058)     Description:[MV_CC_SetFloatValue] Property[Gain], Value[32.000000], return[0x80000102]     Solution:
Info    2025-04-02 15:30:44  DevID:MV-CS016-10UC(DA4851775)  Source-Line:libMvCameraControl.so(CInterfaceManager.cpp-L1703)     Description:U3V, DeviceModelName[MV-CS016-10UC], DeviceFirmwareVersion[V2.2.0 2407021311877 24053001], DeviceMaxThroughput[387500]     Solution:
Info    2025-04-02 15:30:44  DevID:MV-CS016-10UC(DA4851775)  Source-Line:libMvCameraControl.so(CInterfaceManager.cpp-L1708)     Description:U3V, Width[1440], Height[1080], OffsetX[0], OffsetY[0], PixelFormat[0x1080009], AcquisitionMode[2]     Solution:
Info    2025-04-02 15:30:44  DevID:MV-CS016-10UC(DA4851775)  Source-Line:libMvCameraControl.so(CInterfaceManager.cpp-L1713)     Description:U3V, TriggerMode[0], ResultingFrameRate[161.93], ExposureTime[6000.00], ExposureAuto[0], PayloadSize[1555200]     Solution:
Info    2025-04-02 15:30:44  DevID:MV-CS016-10UC(DA4851775)  Source-Line:libMvCameraControl.so(CInterfaceManager.cpp-L6315)     Description:CamCtrl RecvThread Start, ThreadId[-1619007936]     Solution:
Info    2025-04-02 15:30:44  DevID:MV-CS016-10UC(DA4851775)  Source-Line:libMvCameraControl.so(CInterfaceManager.cpp-L6083)     Description:CamCtrl Display Thread Start, ThreadId[-1627400640]     Solution:
Info    2025-04-02 15:30:44  DevID:MV-CS016-10UC(DA4851775)  Source-Line:libMvCameraControl.so(CInterfaceManager.cpp-L1795)     Description:There is no registration callback     Solution:
Info    2025-04-02 15:30:44  DevID:MV-CS016-10UC(DA4851775)  Source-Line:libMvCameraControl.so(CInterfaceManager.cpp-L1800)     Description:[MV_CC_StartGrabbing] return[0x0]     Solution:
Error   2025-04-02 15:30:44  DevID:MV-CS016-10UC(DA4851775)  Source-Line:libMvCameraControl.so(CInterfaceManager.cpp-L7947)     Description:[MV_CC_ConvertPixelType] return[0x80000002]     Solution:
Info    2025-04-02 15:34:25  DevID:MV-CS016-10UC(DA4851775)  Source-Line:libMvCameraControl.so(CInterfaceManager.cpp-L1888)     Description:[StopGrabbing] return[0x0]     Solution:
Info    2025-04-02 15:34:25  DevID:MV-CS016-10UC(DA4851775)  Source-Line:libMvCameraControl.so(CInterfaceManager.cpp-L1703)     Description:U3V, DeviceModelName[MV-CS016-10UC], DeviceFirmwareVersion[V2.2.0 2407021311877 24053001], DeviceMaxThroughput[387500]     Solution:
Info    2025-04-02 15:34:25  DevID:MV-CS016-10UC(DA4851775)  Source-Line:libMvCameraControl.so(CInterfaceManager.cpp-L1708)     Description:U3V, Width[1440], Height[1080], OffsetX[0], OffsetY[0], PixelFormat[0x1080009], AcquisitionMode[2]     Solution:
Info    2025-04-02 15:34:25  DevID:MV-CS016-10UC(DA4851775)  Source-Line:libMvCameraControl.so(CInterfaceManager.cpp-L1713)     Description:U3V, TriggerMode[0], ResultingFrameRate[161.93], ExposureTime[6000.00], ExposureAuto[0], PayloadSize[1555200]     Solution:
Info    2025-04-02 15:34:25  DevID:MV-CS016-10UC(DA4851775)  Source-Line:libMvCameraControl.so(CInterfaceManager.cpp-L1795)     Description:There is no registration callback     Solution:
Info    2025-04-02 15:34:25  DevID:MV-CS016-10UC(DA4851775)  Source-Line:libMvCameraControl.so(CInterfaceManager.cpp-L1800)     Description:[MV_CC_StartGrabbing] return[0x0]     Solution:
Info    2025-04-02 15:43:30  DevID:MV-CS016-10UC(DA4851775)  Source-Line:libMvCameraControl.so(CInterfaceManager.cpp-L1888)     Description:[StopGrabbing] return[0x0]     Solution:
Info    2025-04-02 15:43:30  DevID:MV-CS016-10UC(DA4851775)  Source-Line:libMvCameraControl.so(CInterfaceManager.cpp-L6299)     Description:Display process exit     Solution:
Info    2025-04-02 15:43:30  DevID:MV-CS016-10UC(DA4851775)  Source-Line:libMvCameraControl.so(CInterfaceManager.cpp-L6545)     Description:RecvThread Process Exit     Solution:
Info    2025-04-02 15:43:32  DevID:MV-CS016-10UC(DA4851775)  Source-Line:libMvCameraControl.so(CInterfaceManager.cpp-L1166)     Description:[CloseDevice] return[0x0]     Solution:
Info    2025-04-02 17:22:20  DevID:MV-CS016-10UC(DA4851775)  Source-Line:libMvCameraControl.so(CInterfaceManager.cpp-L0809)     Description:Current dynamic library path[/home/hj/ros2-hik-camera-main/install/hik_camera/lib/libMvCameraControl.so]     Solution:
Info    2025-04-02 17:22:20  DevID:MV-CS016-10UC(DA4851775)  Source-Line:libMvCameraControl.so(CInterfaceManager.cpp-L0812)     Description:CamCtl_Version: 3.2.1.0     Solution:
Info    2025-04-02 17:22:20  DevID:MV-CS016-10UC(DA4851775)  Source-Line:libMvCameraControl.so(CInterfaceManager.cpp-L0813)     Description:CamCtl_Description: BaseLine Build 20211203     Solution:
Info    2025-04-02 17:22:20  DevID:MV-CS016-10UC(DA4851775)  Source-Line:libMvCameraControl.so(CInterfaceManager.cpp-L0815)     Description:[MV_CC_CreateHandle] return[0x0]     Solution:
Info    2025-04-02 17:22:20  DevID:MV-CS016-10UC(DA4851775)  Source-Line:libMvCameraControl.so(CInterfaceManager.cpp-L6710)     Description:CamCtrl[0x3020100], U3V SDKVersion[0x3020100], DriverVersion[0x0]     Solution:
Info    2025-04-02 17:22:20  DevID:MV-CS016-10UC(DA4851775)  Source-Line:libMvCameraControl.so(CInterfaceManager.cpp-L4236)     Description:[MV_CC_InvalidateNodes] return[0x0]     Solution:
Info    2025-04-02 17:22:20  DevID:MV-CS016-10UC(DA4851775)  Source-Line:libMvCameraControl.so(CInterfaceManager.cpp-L1086)     Description:[MV_CC_OpenDevice] nPrivilegeMode[1], nSwitchoverKey[0], return[0x0]     Solution:
Info    2025-04-02 17:22:20  DevID:MV-CS016-10UC(DA4851775)  Source-Line:libMvCameraControl.so(CInterfaceManager.cpp-L3684)     Description:[MV_CC_GetImageInfo] return[0x0]     Solution:
Error   2025-04-02 17:22:20  DevID:MV-CS016-10UC(DA4851775)  Source-Line:libMvCameraControl.so(XmlParse.cpp-L2712)     Description:SetNodeValue [Gain], [Value 32.000000 must be smaller than or equal 16.980700. : OutOfRangeException thrown in node 'Gain' while calling 'Gain.SetValue()' (file 'FloatT.h', line 85)]     Solution:
Error   2025-04-02 17:22:20  DevID:MV-CS016-10UC(DA4851775)  Source-Line:libMvCameraControl.so(CInterfaceManager.cpp-L4058)     Description:[MV_CC_SetFloatValue] Property[Gain], Value[32.000000], return[0x80000102]     Solution:
Info    2025-04-02 17:22:20  DevID:MV-CS016-10UC(DA4851775)  Source-Line:libMvCameraControl.so(CInterfaceManager.cpp-L1703)     Description:U3V, DeviceModelName[MV-CS016-10UC], DeviceFirmwareVersion[V2.2.0 2407021311877 24053001], DeviceMaxThroughput[387500]     Solution:
Info    2025-04-02 17:22:20  DevID:MV-CS016-10UC(DA4851775)  Source-Line:libMvCameraControl.so(CInterfaceManager.cpp-L1708)     Description:U3V, Width[1440], Height[1080], OffsetX[0], OffsetY[0], PixelFormat[0x1080009], AcquisitionMode[2]     Solution:
Info    2025-04-02 17:22:20  DevID:MV-CS016-10UC(DA4851775)  Source-Line:libMvCameraControl.so(CInterfaceManager.cpp-L1713)     Description:U3V, TriggerMode[0], ResultingFrameRate[161.93], ExposureTime[6000.00], ExposureAuto[0], PayloadSize[1555200]     Solution:
Info    2025-04-02 17:22:20  DevID:MV-CS016-10UC(DA4851775)  Source-Line:libMvCameraControl.so(CInterfaceManager.cpp-L6315)     Description:CamCtrl RecvThread Start, ThreadId[-1157638592]     Solution:
Info    2025-04-02 17:22:20  DevID:MV-CS016-10UC(DA4851775)  Source-Line:libMvCameraControl.so(CInterfaceManager.cpp-L6083)     Description:CamCtrl Display Thread Start, ThreadId[-1166031296]     Solution:
Info    2025-04-02 17:22:20  DevID:MV-CS016-10UC(DA4851775)  Source-Line:libMvCameraControl.so(CInterfaceManager.cpp-L1795)     Description:There is no registration callback     Solution:
Info    2025-04-02 17:22:20  DevID:MV-CS016-10UC(DA4851775)  Source-Line:libMvCameraControl.so(CInterfaceManager.cpp-L1800)     Description:[MV_CC_StartGrabbing] return[0x0]     Solution:
Error   2025-04-02 17:22:20  DevID:MV-CS016-10UC(DA4851775)  Source-Line:libMvCameraControl.so(CInterfaceManager.cpp-L7947)     Description:[MV_CC_ConvertPixelType] return[0x80000002]     Solution:
Info    2025-04-02 17:32:01  DevID:MV-CS016-10UC(DA4851775)  Source-Line:libMvCameraControl.so(CInterfaceManager.cpp-L1888)     Description:[StopGrabbing] return[0x0]     Solution:
Info    2025-04-02 17:32:01  DevID:MV-CS016-10UC(DA4851775)  Source-Line:libMvCameraControl.so(CInterfaceManager.cpp-L1703)     Description:U3V, DeviceModelName[MV-CS016-10UC], DeviceFirmwareVersion[V2.2.0 2407021311877 24053001], DeviceMaxThroughput[387500]     Solution:
Info    2025-04-02 17:32:01  DevID:MV-CS016-10UC(DA4851775)  Source-Line:libMvCameraControl.so(CInterfaceManager.cpp-L1708)     Description:U3V, Width[1440], Height[1080], OffsetX[0], OffsetY[0], PixelFormat[0x1080009], AcquisitionMode[2]     Solution:
Info    2025-04-02 17:32:01  DevID:MV-CS016-10UC(DA4851775)  Source-Line:libMvCameraControl.so(CInterfaceManager.cpp-L1713)     Description:U3V, TriggerMode[0], ResultingFrameRate[161.93], ExposureTime[6000.00], ExposureAuto[0], PayloadSize[1555200]     Solution:
Info    2025-04-02 17:32:01  DevID:MV-CS016-10UC(DA4851775)  Source-Line:libMvCameraControl.so(CInterfaceManager.cpp-L1795)     Description:There is no registration callback     Solution:
Info    2025-04-02 17:32:01  DevID:MV-CS016-10UC(DA4851775)  Source-Line:libMvCameraControl.so(CInterfaceManager.cpp-L1800)     Description:[MV_CC_StartGrabbing] return[0x0]     Solution:
Info    2025-04-02 17:54:26  DevID:MV-CS016-10UC(DA4851775)  Source-Line:libMvCameraControl.so(CInterfaceManager.cpp-L1888)     Description:[StopGrabbing] return[0x0]     Solution:
Info    2025-04-02 17:54:26  DevID:MV-CS016-10UC(DA4851775)  Source-Line:libMvCameraControl.so(CInterfaceManager.cpp-L6299)     Description:Display process exit     Solution:
Info    2025-04-02 17:54:26  DevID:MV-CS016-10UC(DA4851775)  Source-Line:libMvCameraControl.so(CInterfaceManager.cpp-L6545)     Description:RecvThread Process Exit     Solution:
Info    2025-04-02 17:54:28  DevID:MV-CS016-10UC(DA4851775)  Source-Line:libMvCameraControl.so(CInterfaceManager.cpp-L1166)     Description:[CloseDevice] return[0x0]     Solution:
Info    2025-04-02 19:13:13  DevID:MV-CS016-10UC(DA4851775)  Source-Line:libMvCameraControl.so(CInterfaceManager.cpp-L0809)     Description:Current dynamic library path[/home/hj/ros2-hik-camera-main/install/hik_camera/lib/libMvCameraControl.so]     Solution:
Info    2025-04-02 19:13:13  DevID:MV-CS016-10UC(DA4851775)  Source-Line:libMvCameraControl.so(CInterfaceManager.cpp-L0812)     Description:CamCtl_Version: 3.2.1.0     Solution:
Info    2025-04-02 19:13:13  DevID:MV-CS016-10UC(DA4851775)  Source-Line:libMvCameraControl.so(CInterfaceManager.cpp-L0813)     Description:CamCtl_Description: BaseLine Build 20211203     Solution:
Info    2025-04-02 19:13:13  DevID:MV-CS016-10UC(DA4851775)  Source-Line:libMvCameraControl.so(CInterfaceManager.cpp-L0815)     Description:[MV_CC_CreateHandle] return[0x0]     Solution:
Info    2025-04-02 19:13:13  DevID:MV-CS016-10UC(DA4851775)  Source-Line:libMvCameraControl.so(CInterfaceManager.cpp-L6710)     Description:CamCtrl[0x3020100], U3V SDKVersion[0x3020100], DriverVersion[0x0]     Solution:
Info    2025-04-02 19:13:13  DevID:MV-CS016-10UC(DA4851775)  Source-Line:libMvCameraControl.so(CInterfaceManager.cpp-L4236)     Description:[MV_CC_InvalidateNodes] return[0x0]     Solution:
Info    2025-04-02 19:13:13  DevID:MV-CS016-10UC(DA4851775)  Source-Line:libMvCameraControl.so(CInterfaceManager.cpp-L1086)     Description:[MV_CC_OpenDevice] nPrivilegeMode[1], nSwitchoverKey[0], return[0x0]     Solution:
Info    2025-04-02 19:13:13  DevID:MV-CS016-10UC(DA4851775)  Source-Line:libMvCameraControl.so(CInterfaceManager.cpp-L3684)     Description:[MV_CC_GetImageInfo] return[0x0]     Solution:
Error   2025-04-02 19:13:13  DevID:MV-CS016-10UC(DA4851775)  Source-Line:libMvCameraControl.so(XmlParse.cpp-L2712)     Description:SetNodeValue [Gain], [Value 32.000000 must be smaller than or equal 16.980700. : OutOfRangeException thrown in node 'Gain' while calling 'Gain.SetValue()' (file 'FloatT.h', line 85)]     Solution:
Error   2025-04-02 19:13:13  DevID:MV-CS016-10UC(DA4851775)  Source-Line:libMvCameraControl.so(CInterfaceManager.cpp-L4058)     Description:[MV_CC_SetFloatValue] Property[Gain], Value[32.000000], return[0x80000102]     Solution:
Info    2025-04-02 19:13:13  DevID:MV-CS016-10UC(DA4851775)  Source-Line:libMvCameraControl.so(CInterfaceManager.cpp-L1703)     Description:U3V, DeviceModelName[MV-CS016-10UC], DeviceFirmwareVersion[V2.2.0 2407021311877 24053001], DeviceMaxThroughput[387500]     Solution:
Info    2025-04-02 19:13:13  DevID:MV-CS016-10UC(DA4851775)  Source-Line:libMvCameraControl.so(CInterfaceManager.cpp-L1708)     Description:U3V, Width[1440], Height[1080], OffsetX[0], OffsetY[0], PixelFormat[0x1080009], AcquisitionMode[2]     Solution:
Info    2025-04-02 19:13:13  DevID:MV-CS016-10UC(DA4851775)  Source-Line:libMvCameraControl.so(CInterfaceManager.cpp-L1713)     Description:U3V, TriggerMode[0], ResultingFrameRate[161.93], ExposureTime[6000.00], ExposureAuto[0], PayloadSize[1555200]     Solution:
Info    2025-04-02 19:13:13  DevID:MV-CS016-10UC(DA4851775)  Source-Line:libMvCameraControl.so(CInterfaceManager.cpp-L6315)     Description:CamCtrl RecvThread Start, ThreadId[-738200000]     Solution:
Info    2025-04-02 19:13:13  DevID:MV-CS016-10UC(DA4851775)  Source-Line:libMvCameraControl.so(CInterfaceManager.cpp-L6083)     Description:CamCtrl Display Thread Start, ThreadId[-746592704]     Solution:
Info    2025-04-02 19:13:13  DevID:MV-CS016-10UC(DA4851775)  Source-Line:libMvCameraControl.so(CInterfaceManager.cpp-L1795)     Description:There is no registration callback     Solution:
Info    2025-04-02 19:13:13  DevID:MV-CS016-10UC(DA4851775)  Source-Line:libMvCameraControl.so(CInterfaceManager.cpp-L1800)     Description:[MV_CC_StartGrabbing] return[0x0]     Solution:
Error   2025-04-02 19:13:13  DevID:MV-CS016-10UC(DA4851775)  Source-Line:libMvCameraControl.so(CInterfaceManager.cpp-L7947)     Description:[MV_CC_ConvertPixelType] return[0x80000002]     Solution:
Info    2025-04-02 19:19:07  DevID:MV-CS016-10UC(DA4851775)  Source-Line:libMvCameraControl.so(CInterfaceManager.cpp-L1888)     Description:[StopGrabbing] return[0x0]     Solution:
Info    2025-04-02 19:19:07  DevID:MV-CS016-10UC(DA4851775)  Source-Line:libMvCameraControl.so(CInterfaceManager.cpp-L6299)     Description:Display process exit     Solution:
Info    2025-04-02 19:19:07  DevID:MV-CS016-10UC(DA4851775)  Source-Line:libMvCameraControl.so(CInterfaceManager.cpp-L6545)     Description:RecvThread Process Exit     Solution:
Info    2025-04-02 19:19:07  DevID:MV-CS016-10UC(DA4851775)  Source-Line:libMvCameraControl.so(CInterfaceManager.cpp-L1166)     Description:[CloseDevice] return[0x0]     Solution:
Info    2025-04-02 19:19:11  DevID:MV-CS016-10UC(DA4851775)  Source-Line:libMvCameraControl.so(CInterfaceManager.cpp-L0809)     Description:Current dynamic library path[/home/hj/ros2-hik-camera-main/install/hik_camera/lib/libMvCameraControl.so]     Solution:
Info    2025-04-02 19:19:11  DevID:MV-CS016-10UC(DA4851775)  Source-Line:libMvCameraControl.so(CInterfaceManager.cpp-L0812)     Description:CamCtl_Version: 3.2.1.0     Solution:
Info    2025-04-02 19:19:11  DevID:MV-CS016-10UC(DA4851775)  Source-Line:libMvCameraControl.so(CInterfaceManager.cpp-L0813)     Description:CamCtl_Description: BaseLine Build 20211203     Solution:
Info    2025-04-02 19:19:11  DevID:MV-CS016-10UC(DA4851775)  Source-Line:libMvCameraControl.so(CInterfaceManager.cpp-L0815)     Description:[MV_CC_CreateHandle] return[0x0]     Solution:
Info    2025-04-02 19:19:11  DevID:MV-CS016-10UC(DA4851775)  Source-Line:libMvCameraControl.so(CInterfaceManager.cpp-L6710)     Description:CamCtrl[0x3020100], U3V SDKVersion[0x3020100], DriverVersion[0x0]     Solution:
Info    2025-04-02 19:19:11  DevID:MV-CS016-10UC(DA4851775)  Source-Line:libMvCameraControl.so(CInterfaceManager.cpp-L4236)     Description:[MV_CC_InvalidateNodes] return[0x0]     Solution:
Info    2025-04-02 19:19:11  DevID:MV-CS016-10UC(DA4851775)  Source-Line:libMvCameraControl.so(CInterfaceManager.cpp-L1086)     Description:[MV_CC_OpenDevice] nPrivilegeMode[1], nSwitchoverKey[0], return[0x0]     Solution:
Info    2025-04-02 19:19:11  DevID:MV-CS016-10UC(DA4851775)  Source-Line:libMvCameraControl.so(CInterfaceManager.cpp-L3684)     Description:[MV_CC_GetImageInfo] return[0x0]     Solution:
Error   2025-04-02 19:19:11  DevID:MV-CS016-10UC(DA4851775)  Source-Line:libMvCameraControl.so(XmlParse.cpp-L2712)     Description:SetNodeValue [Gain], [Value 32.000000 must be smaller than or equal 16.980700. : OutOfRangeException thrown in node 'Gain' while calling 'Gain.SetValue()' (file 'FloatT.h', line 85)]     Solution:
Error   2025-04-02 19:19:11  DevID:MV-CS016-10UC(DA4851775)  Source-Line:libMvCameraControl.so(CInterfaceManager.cpp-L4058)     Description:[MV_CC_SetFloatValue] Property[Gain], Value[32.000000], return[0x80000102]     Solution:
Info    2025-04-02 19:19:11  DevID:MV-CS016-10UC(DA4851775)  Source-Line:libMvCameraControl.so(CInterfaceManager.cpp-L1703)     Description:U3V, DeviceModelName[MV-CS016-10UC], DeviceFirmwareVersion[V2.2.0 2407021311877 24053001], DeviceMaxThroughput[387500]     Solution:
Info    2025-04-02 19:19:11  DevID:MV-CS016-10UC(DA4851775)  Source-Line:libMvCameraControl.so(CInterfaceManager.cpp-L1708)     Description:U3V, Width[1440], Height[1080], OffsetX[0], OffsetY[0], PixelFormat[0x1080009], AcquisitionMode[2]     Solution:
Info    2025-04-02 19:19:11  DevID:MV-CS016-10UC(DA4851775)  Source-Line:libMvCameraControl.so(CInterfaceManager.cpp-L1713)     Description:U3V, TriggerMode[0], ResultingFrameRate[161.93], ExposureTime[6000.00], ExposureAuto[0], PayloadSize[1555200]     Solution:
Info    2025-04-02 19:19:11  DevID:MV-CS016-10UC(DA4851775)  Source-Line:libMvCameraControl.so(CInterfaceManager.cpp-L6083)     Description:CamCtrl Display Thread Start, ThreadId[125822528]     Solution:
Info    2025-04-02 19:19:11  DevID:MV-CS016-10UC(DA4851775)  Source-Line:libMvCameraControl.so(CInterfaceManager.cpp-L6315)     Description:CamCtrl RecvThread Start, ThreadId[134215232]     Solution:
Info    2025-04-02 19:19:11  DevID:MV-CS016-10UC(DA4851775)  Source-Line:libMvCameraControl.so(CInterfaceManager.cpp-L1795)     Description:There is no registration callback     Solution:
Info    2025-04-02 19:19:11  DevID:MV-CS016-10UC(DA4851775)  Source-Line:libMvCameraControl.so(CInterfaceManager.cpp-L1800)     Description:[MV_CC_StartGrabbing] return[0x0]     Solution:
Error   2025-04-02 19:19:11  DevID:MV-CS016-10UC(DA4851775)  Source-Line:libMvCameraControl.so(CInterfaceManager.cpp-L7947)     Description:[MV_CC_ConvertPixelType] return[0x80000002]     Solution:
Info    2025-04-02 19:20:45  DevID:MV-CS016-10UC(DA4851775)  Source-Line:libMvCameraControl.so(CInterfaceManager.cpp-L1888)     Description:[StopGrabbing] return[0x0]     Solution:
Info    2025-04-02 19:20:45  DevID:MV-CS016-10UC(DA4851775)  Source-Line:libMvCameraControl.so(CInterfaceManager.cpp-L6299)     Description:Display process exit     Solution:
Info    2025-04-02 19:20:45  DevID:MV-CS016-10UC(DA4851775)  Source-Line:libMvCameraControl.so(CInterfaceManager.cpp-L6545)     Description:RecvThread Process Exit     Solution:
Info    2025-04-02 19:20:46  DevID:MV-CS016-10UC(DA4851775)  Source-Line:libMvCameraControl.so(CInterfaceManager.cpp-L1166)     Description:[CloseDevice] return[0x0]     Solution:
Info    2025-04-02 19:21:00  DevID:MV-CS016-10UC(DA4851775)  Source-Line:libMvCameraControl.so(CInterfaceManager.cpp-L0809)     Description:Current dynamic library path[/home/hj/ros2-hik-camera-main/install/hik_camera/lib/libMvCameraControl.so]     Solution:
Info    2025-04-02 19:21:00  DevID:MV-CS016-10UC(DA4851775)  Source-Line:libMvCameraControl.so(CInterfaceManager.cpp-L0812)     Description:CamCtl_Version: 3.2.1.0     Solution:
Info    2025-04-02 19:21:00  DevID:MV-CS016-10UC(DA4851775)  Source-Line:libMvCameraControl.so(CInterfaceManager.cpp-L0813)     Description:CamCtl_Description: BaseLine Build 20211203     Solution:
Info    2025-04-02 19:21:00  DevID:MV-CS016-10UC(DA4851775)  Source-Line:libMvCameraControl.so(CInterfaceManager.cpp-L0815)     Description:[MV_CC_CreateHandle] return[0x0]     Solution:
Info    2025-04-02 19:21:00  DevID:MV-CS016-10UC(DA4851775)  Source-Line:libMvCameraControl.so(CInterfaceManager.cpp-L6710)     Description:CamCtrl[0x3020100], U3V SDKVersion[0x3020100], DriverVersion[0x0]     Solution:
Info    2025-04-02 19:21:00  DevID:MV-CS016-10UC(DA4851775)  Source-Line:libMvCameraControl.so(CInterfaceManager.cpp-L4236)     Description:[MV_CC_InvalidateNodes] return[0x0]     Solution:
Info    2025-04-02 19:21:00  DevID:MV-CS016-10UC(DA4851775)  Source-Line:libMvCameraControl.so(CInterfaceManager.cpp-L1086)     Description:[MV_CC_OpenDevice] nPrivilegeMode[1], nSwitchoverKey[0], return[0x0]     Solution:
Info    2025-04-02 19:21:00  DevID:MV-CS016-10UC(DA4851775)  Source-Line:libMvCameraControl.so(CInterfaceManager.cpp-L3684)     Description:[MV_CC_GetImageInfo] return[0x0]     Solution:
Error   2025-04-02 19:21:00  DevID:MV-CS016-10UC(DA4851775)  Source-Line:libMvCameraControl.so(XmlParse.cpp-L2712)     Description:SetNodeValue [Gain], [Value 30.000000 must be smaller than or equal 16.980700. : OutOfRangeException thrown in node 'Gain' while calling 'Gain.SetValue()' (file 'FloatT.h', line 85)]     Solution:
Error   2025-04-02 19:21:00  DevID:MV-CS016-10UC(DA4851775)  Source-Line:libMvCameraControl.so(CInterfaceManager.cpp-L4058)     Description:[MV_CC_SetFloatValue] Property[Gain], Value[30.000000], return[0x80000102]     Solution:
Info    2025-04-02 19:21:00  DevID:MV-CS016-10UC(DA4851775)  Source-Line:libMvCameraControl.so(CInterfaceManager.cpp-L1703)     Description:U3V, DeviceModelName[MV-CS016-10UC], DeviceFirmwareVersion[V2.2.0 2407021311877 24053001], DeviceMaxThroughput[387500]     Solution:
Info    2025-04-02 19:21:00  DevID:MV-CS016-10UC(DA4851775)  Source-Line:libMvCameraControl.so(CInterfaceManager.cpp-L1708)     Description:U3V, Width[1440], Height[1080], OffsetX[0], OffsetY[0], PixelFormat[0x1080009], AcquisitionMode[2]     Solution:
Info    2025-04-02 19:21:00  DevID:MV-CS016-10UC(DA4851775)  Source-Line:libMvCameraControl.so(CInterfaceManager.cpp-L1713)     Description:U3V, TriggerMode[0], ResultingFrameRate[98.28], ExposureTime[10000.00], ExposureAuto[0], PayloadSize[1555200]     Solution:
Info    2025-04-02 19:21:00  DevID:MV-CS016-10UC(DA4851775)  Source-Line:libMvCameraControl.so(CInterfaceManager.cpp-L6315)     Description:CamCtrl RecvThread Start, ThreadId[-959433152]     Solution:
Info    2025-04-02 19:21:00  DevID:MV-CS016-10UC(DA4851775)  Source-Line:libMvCameraControl.so(CInterfaceManager.cpp-L6083)     Description:CamCtrl Display Thread Start, ThreadId[-967825856]     Solution:
Info    2025-04-02 19:21:00  DevID:MV-CS016-10UC(DA4851775)  Source-Line:libMvCameraControl.so(CInterfaceManager.cpp-L1795)     Description:There is no registration callback     Solution:
Info    2025-04-02 19:21:00  DevID:MV-CS016-10UC(DA4851775)  Source-Line:libMvCameraControl.so(CInterfaceManager.cpp-L1800)     Description:[MV_CC_StartGrabbing] return[0x0]     Solution:
Error   2025-04-02 19:21:00  DevID:MV-CS016-10UC(DA4851775)  Source-Line:libMvCameraControl.so(CInterfaceManager.cpp-L7947)     Description:[MV_CC_ConvertPixelType] return[0x80000002]     Solution:
Info    2025-04-02 19:23:19  DevID:MV-CS016-10UC(DA4851775)  Source-Line:libMvCameraControl.so(CInterfaceManager.cpp-L1888)     Description:[StopGrabbing] return[0x0]     Solution:
Info    2025-04-02 19:23:19  DevID:MV-CS016-10UC(DA4851775)  Source-Line:libMvCameraControl.so(CInterfaceManager.cpp-L6299)     Description:Display process exit     Solution:
Info    2025-04-02 19:23:19  DevID:MV-CS016-10UC(DA4851775)  Source-Line:libMvCameraControl.so(CInterfaceManager.cpp-L6545)     Description:RecvThread Process Exit     Solution:
Info    2025-04-02 19:23:19  DevID:MV-CS016-10UC(DA4851775)  Source-Line:libMvCameraControl.so(CInterfaceManager.cpp-L1166)     Description:[CloseDevice] return[0x0]     Solution:
Info    2025-04-02 19:23:29  DevID:MV-CS016-10UC(DA4851775)  Source-Line:libMvCameraControl.so(CInterfaceManager.cpp-L0809)     Description:Current dynamic library path[/home/hj/ros2-hik-camera-main/install/hik_camera/lib/libMvCameraControl.so]     Solution:
Info    2025-04-02 19:23:29  DevID:MV-CS016-10UC(DA4851775)  Source-Line:libMvCameraControl.so(CInterfaceManager.cpp-L0812)     Description:CamCtl_Version: 3.2.1.0     Solution:
Info    2025-04-02 19:23:29  DevID:MV-CS016-10UC(DA4851775)  Source-Line:libMvCameraControl.so(CInterfaceManager.cpp-L0813)     Description:CamCtl_Description: BaseLine Build 20211203     Solution:
Info    2025-04-02 19:23:29  DevID:MV-CS016-10UC(DA4851775)  Source-Line:libMvCameraControl.so(CInterfaceManager.cpp-L0815)     Description:[MV_CC_CreateHandle] return[0x0]     Solution:
Info    2025-04-02 19:23:29  DevID:MV-CS016-10UC(DA4851775)  Source-Line:libMvCameraControl.so(CInterfaceManager.cpp-L6710)     Description:CamCtrl[0x3020100], U3V SDKVersion[0x3020100], DriverVersion[0x0]     Solution:
Info    2025-04-02 19:23:29  DevID:MV-CS016-10UC(DA4851775)  Source-Line:libMvCameraControl.so(CInterfaceManager.cpp-L4236)     Description:[MV_CC_InvalidateNodes] return[0x0]     Solution:
Info    2025-04-02 19:23:29  DevID:MV-CS016-10UC(DA4851775)  Source-Line:libMvCameraControl.so(CInterfaceManager.cpp-L1086)     Description:[MV_CC_OpenDevice] nPrivilegeMode[1], nSwitchoverKey[0], return[0x0]     Solution:
Info    2025-04-02 19:23:29  DevID:MV-CS016-10UC(DA4851775)  Source-Line:libMvCameraControl.so(CInterfaceManager.cpp-L3684)     Description:[MV_CC_GetImageInfo] return[0x0]     Solution:
Info    2025-04-02 19:23:29  DevID:MV-CS016-10UC(DA4851775)  Source-Line:libMvCameraControl.so(CInterfaceManager.cpp-L1703)     Description:U3V, DeviceModelName[MV-CS016-10UC], DeviceFirmwareVersion[V2.2.0 2407021311877 24053001], DeviceMaxThroughput[387500]     Solution:
Info    2025-04-02 19:23:29  DevID:MV-CS016-10UC(DA4851775)  Source-Line:libMvCameraControl.so(CInterfaceManager.cpp-L1708)     Description:U3V, Width[1440], Height[1080], OffsetX[0], OffsetY[0], PixelFormat[0x1080009], AcquisitionMode[2]     Solution:
Info    2025-04-02 19:23:29  DevID:MV-CS016-10UC(DA4851775)  Source-Line:libMvCameraControl.so(CInterfaceManager.cpp-L1713)     Description:U3V, TriggerMode[0], ResultingFrameRate[165.37], ExposureTime[5000.00], ExposureAuto[0], PayloadSize[1555200]     Solution:
Info    2025-04-02 19:23:29  DevID:MV-CS016-10UC(DA4851775)  Source-Line:libMvCameraControl.so(CInterfaceManager.cpp-L6315)     Description:CamCtrl RecvThread Start, ThreadId[1859139136]     Solution:
Info    2025-04-02 19:23:29  DevID:MV-CS016-10UC(DA4851775)  Source-Line:libMvCameraControl.so(CInterfaceManager.cpp-L6083)     Description:CamCtrl Display Thread Start, ThreadId[1850746432]     Solution:
Info    2025-04-02 19:23:29  DevID:MV-CS016-10UC(DA4851775)  Source-Line:libMvCameraControl.so(CInterfaceManager.cpp-L1795)     Description:There is no registration callback     Solution:
Info    2025-04-02 19:23:29  DevID:MV-CS016-10UC(DA4851775)  Source-Line:libMvCameraControl.so(CInterfaceManager.cpp-L1800)     Description:[MV_CC_StartGrabbing] return[0x0]     Solution:
Error   2025-04-02 19:23:29  DevID:MV-CS016-10UC(DA4851775)  Source-Line:libMvCameraControl.so(CInterfaceManager.cpp-L7947)     Description:[MV_CC_ConvertPixelType] return[0x80000002]     Solution:
Info    2025-04-02 19:44:21  DevID:MV-CS016-10UC(DA4851775)  Source-Line:libMvCameraControl.so(CInterfaceManager.cpp-L1888)     Description:[StopGrabbing] return[0x0]     Solution:
Info    2025-04-02 19:44:21  DevID:MV-CS016-10UC(DA4851775)  Source-Line:libMvCameraControl.so(CInterfaceManager.cpp-L1703)     Description:U3V, DeviceModelName[MV-CS016-10UC], DeviceFirmwareVersion[V2.2.0 2407021311877 24053001], DeviceMaxThroughput[387500]     Solution:
Info    2025-04-02 19:44:21  DevID:MV-CS016-10UC(DA4851775)  Source-Line:libMvCameraControl.so(CInterfaceManager.cpp-L1708)     Description:U3V, Width[1440], Height[1080], OffsetX[0], OffsetY[0], PixelFormat[0x1080009], AcquisitionMode[2]     Solution:
Info    2025-04-02 19:44:21  DevID:MV-CS016-10UC(DA4851775)  Source-Line:libMvCameraControl.so(CInterfaceManager.cpp-L1713)     Description:U3V, TriggerMode[0], ResultingFrameRate[165.37], ExposureTime[5000.00], ExposureAuto[0], PayloadSize[1555200]     Solution:
Info    2025-04-02 19:44:21  DevID:MV-CS016-10UC(DA4851775)  Source-Line:libMvCameraControl.so(CInterfaceManager.cpp-L1795)     Description:There is no registration callback     Solution:
Info    2025-04-02 19:44:21  DevID:MV-CS016-10UC(DA4851775)  Source-Line:libMvCameraControl.so(CInterfaceManager.cpp-L1800)     Description:[MV_CC_StartGrabbing] return[0x0]     Solution:
Info    2025-04-02 19:49:18  DevID:MV-CS016-10UC(DA4851775)  Source-Line:libMvCameraControl.so(CInterfaceManager.cpp-L1888)     Description:[StopGrabbing] return[0x0]     Solution:
Info    2025-04-02 19:49:18  DevID:MV-CS016-10UC(DA4851775)  Source-Line:libMvCameraControl.so(CInterfaceManager.cpp-L6545)     Description:RecvThread Process Exit     Solution:
Info    2025-04-02 19:49:18  DevID:MV-CS016-10UC(DA4851775)  Source-Line:libMvCameraControl.so(CInterfaceManager.cpp-L6299)     Description:Display process exit     Solution:
Info    2025-04-02 19:49:20  DevID:MV-CS016-10UC(DA4851775)  Source-Line:libMvCameraControl.so(CInterfaceManager.cpp-L1166)     Description:[CloseDevice] return[0x0]     Solution:
Info    2025-04-02 19:49:22  DevID:MV-CS016-10UC(DA4851775)  Source-Line:libMvCameraControl.so(CInterfaceManager.cpp-L0809)     Description:Current dynamic library path[/home/hj/ros2-hik-camera-main/install/hik_camera/lib/libMvCameraControl.so]     Solution:
Info    2025-04-02 19:49:22  DevID:MV-CS016-10UC(DA4851775)  Source-Line:libMvCameraControl.so(CInterfaceManager.cpp-L0812)     Description:CamCtl_Version: 3.2.1.0     Solution:
Info    2025-04-02 19:49:22  DevID:MV-CS016-10UC(DA4851775)  Source-Line:libMvCameraControl.so(CInterfaceManager.cpp-L0813)     Description:CamCtl_Description: BaseLine Build 20211203     Solution:
Info    2025-04-02 19:49:22  DevID:MV-CS016-10UC(DA4851775)  Source-Line:libMvCameraControl.so(CInterfaceManager.cpp-L0815)     Description:[MV_CC_CreateHandle] return[0x0]     Solution:
Info    2025-04-02 19:49:22  DevID:MV-CS016-10UC(DA4851775)  Source-Line:libMvCameraControl.so(CInterfaceManager.cpp-L6710)     Description:CamCtrl[0x3020100], U3V SDKVersion[0x3020100], DriverVersion[0x0]     Solution:
Info    2025-04-02 19:49:22  DevID:MV-CS016-10UC(DA4851775)  Source-Line:libMvCameraControl.so(CInterfaceManager.cpp-L4236)     Description:[MV_CC_InvalidateNodes] return[0x0]     Solution:
Info    2025-04-02 19:49:22  DevID:MV-CS016-10UC(DA4851775)  Source-Line:libMvCameraControl.so(CInterfaceManager.cpp-L1086)     Description:[MV_CC_OpenDevice] nPrivilegeMode[1], nSwitchoverKey[0], return[0x0]     Solution:
Info    2025-04-02 19:49:22  DevID:MV-CS016-10UC(DA4851775)  Source-Line:libMvCameraControl.so(CInterfaceManager.cpp-L3684)     Description:[MV_CC_GetImageInfo] return[0x0]     Solution:
Info    2025-04-02 19:49:22  DevID:MV-CS016-10UC(DA4851775)  Source-Line:libMvCameraControl.so(CInterfaceManager.cpp-L1703)     Description:U3V, DeviceModelName[MV-CS016-10UC], DeviceFirmwareVersion[V2.2.0 2407021311877 24053001], DeviceMaxThroughput[387500]     Solution:
Info    2025-04-02 19:49:22  DevID:MV-CS016-10UC(DA4851775)  Source-Line:libMvCameraControl.so(CInterfaceManager.cpp-L1708)     Description:U3V, Width[1440], Height[1080], OffsetX[0], OffsetY[0], PixelFormat[0x1080009], AcquisitionMode[2]     Solution:
Info    2025-04-02 19:49:22  DevID:MV-CS016-10UC(DA4851775)  Source-Line:libMvCameraControl.so(CInterfaceManager.cpp-L1713)     Description:U3V, TriggerMode[0], ResultingFrameRate[165.37], ExposureTime[5000.00], ExposureAuto[0], PayloadSize[1555200]     Solution:
Info    2025-04-02 19:49:22  DevID:MV-CS016-10UC(DA4851775)  Source-Line:libMvCameraControl.so(CInterfaceManager.cpp-L6315)     Description:CamCtrl RecvThread Start, ThreadId[1122502208]     Solution:
Info    2025-04-02 19:49:22  DevID:MV-CS016-10UC(DA4851775)  Source-Line:libMvCameraControl.so(CInterfaceManager.cpp-L6083)     Description:CamCtrl Display Thread Start, ThreadId[1114109504]     Solution:
Info    2025-04-02 19:49:22  DevID:MV-CS016-10UC(DA4851775)  Source-Line:libMvCameraControl.so(CInterfaceManager.cpp-L1795)     Description:There is no registration callback     Solution:
Info    2025-04-02 19:49:22  DevID:MV-CS016-10UC(DA4851775)  Source-Line:libMvCameraControl.so(CInterfaceManager.cpp-L1800)     Description:[MV_CC_StartGrabbing] return[0x0]     Solution:
Error   2025-04-02 19:49:22  DevID:MV-CS016-10UC(DA4851775)  Source-Line:libMvCameraControl.so(CInterfaceManager.cpp-L7947)     Description:[MV_CC_ConvertPixelType] return[0x80000002]     Solution:
Info    2025-04-02 19:50:11  DevID:MV-CS016-10UC(DA4851775)  Source-Line:libMvCameraControl.so(CInterfaceManager.cpp-L1888)     Description:[StopGrabbing] return[0x0]     Solution:
Info    2025-04-02 19:50:11  DevID:MV-CS016-10UC(DA4851775)  Source-Line:libMvCameraControl.so(CInterfaceManager.cpp-L6545)     Description:RecvThread Process Exit     Solution:
Info    2025-04-02 19:50:11  DevID:MV-CS016-10UC(DA4851775)  Source-Line:libMvCameraControl.so(CInterfaceManager.cpp-L6299)     Description:Display process exit     Solution:
Info    2025-04-02 19:50:12  DevID:MV-CS016-10UC(DA4851775)  Source-Line:libMvCameraControl.so(CInterfaceManager.cpp-L1166)     Description:[CloseDevice] return[0x0]     Solution:
Info    2025-04-02 19:50:14  DevID:MV-CS016-10UC(DA4851775)  Source-Line:libMvCameraControl.so(CInterfaceManager.cpp-L0809)     Description:Current dynamic library path[/home/hj/ros2-hik-camera-main/install/hik_camera/lib/libMvCameraControl.so]     Solution:
Info    2025-04-02 19:50:14  DevID:MV-CS016-10UC(DA4851775)  Source-Line:libMvCameraControl.so(CInterfaceManager.cpp-L0812)     Description:CamCtl_Version: 3.2.1.0     Solution:
Info    2025-04-02 19:50:14  DevID:MV-CS016-10UC(DA4851775)  Source-Line:libMvCameraControl.so(CInterfaceManager.cpp-L0813)     Description:CamCtl_Description: BaseLine Build 20211203     Solution:
Info    2025-04-02 19:50:14  DevID:MV-CS016-10UC(DA4851775)  Source-Line:libMvCameraControl.so(CInterfaceManager.cpp-L0815)     Description:[MV_CC_CreateHandle] return[0x0]     Solution:
Info    2025-04-02 19:50:14  DevID:MV-CS016-10UC(DA4851775)  Source-Line:libMvCameraControl.so(CInterfaceManager.cpp-L6710)     Description:CamCtrl[0x3020100], U3V SDKVersion[0x3020100], DriverVersion[0x0]     Solution:
Info    2025-04-02 19:50:15  DevID:MV-CS016-10UC(DA4851775)  Source-Line:libMvCameraControl.so(CInterfaceManager.cpp-L4236)     Description:[MV_CC_InvalidateNodes] return[0x0]     Solution:
Info    2025-04-02 19:50:15  DevID:MV-CS016-10UC(DA4851775)  Source-Line:libMvCameraControl.so(CInterfaceManager.cpp-L1086)     Description:[MV_CC_OpenDevice] nPrivilegeMode[1], nSwitchoverKey[0], return[0x0]     Solution:
Info    2025-04-02 19:50:15  DevID:MV-CS016-10UC(DA4851775)  Source-Line:libMvCameraControl.so(CInterfaceManager.cpp-L3684)     Description:[MV_CC_GetImageInfo] return[0x0]     Solution:
Info    2025-04-02 19:50:15  DevID:MV-CS016-10UC(DA4851775)  Source-Line:libMvCameraControl.so(CInterfaceManager.cpp-L1703)     Description:U3V, DeviceModelName[MV-CS016-10UC], DeviceFirmwareVersion[V2.2.0 2407021311877 24053001], DeviceMaxThroughput[387500]     Solution:
Info    2025-04-02 19:50:15  DevID:MV-CS016-10UC(DA4851775)  Source-Line:libMvCameraControl.so(CInterfaceManager.cpp-L1708)     Description:U3V, Width[1440], Height[1080], OffsetX[0], OffsetY[0], PixelFormat[0x1080009], AcquisitionMode[2]     Solution:
Info    2025-04-02 19:50:15  DevID:MV-CS016-10UC(DA4851775)  Source-Line:libMvCameraControl.so(CInterfaceManager.cpp-L1713)     Description:U3V, TriggerMode[0], ResultingFrameRate[165.37], ExposureTime[5000.00], ExposureAuto[0], PayloadSize[1555200]     Solution:
Info    2025-04-02 19:50:15  DevID:MV-CS016-10UC(DA4851775)  Source-Line:libMvCameraControl.so(CInterfaceManager.cpp-L6083)     Description:CamCtrl Display Thread Start, ThreadId[1984964160]     Solution:
Info    2025-04-02 19:50:15  DevID:MV-CS016-10UC(DA4851775)  Source-Line:libMvCameraControl.so(CInterfaceManager.cpp-L6315)     Description:CamCtrl RecvThread Start, ThreadId[1993356864]     Solution:
Info    2025-04-02 19:50:15  DevID:MV-CS016-10UC(DA4851775)  Source-Line:libMvCameraControl.so(CInterfaceManager.cpp-L1795)     Description:There is no registration callback     Solution:
Info    2025-04-02 19:50:15  DevID:MV-CS016-10UC(DA4851775)  Source-Line:libMvCameraControl.so(CInterfaceManager.cpp-L1800)     Description:[MV_CC_StartGrabbing] return[0x0]     Solution:
Error   2025-04-02 19:50:15  DevID:MV-CS016-10UC(DA4851775)  Source-Line:libMvCameraControl.so(CInterfaceManager.cpp-L7947)     Description:[MV_CC_ConvertPixelType] return[0x80000002]     Solution:
Info    2025-04-02 19:50:22  DevID:MV-CS016-10UC(DA4851775)  Source-Line:libMvCameraControl.so(CInterfaceManager.cpp-L1888)     Description:[StopGrabbing] return[0x0]     Solution:
Info    2025-04-02 19:50:22  DevID:MV-CS016-10UC(DA4851775)  Source-Line:libMvCameraControl.so(CInterfaceManager.cpp-L6545)     Description:RecvThread Process Exit     Solution:
Info    2025-04-02 19:50:22  DevID:MV-CS016-10UC(DA4851775)  Source-Line:libMvCameraControl.so(CInterfaceManager.cpp-L6299)     Description:Display process exit     Solution:
Info    2025-04-02 19:50:23  DevID:MV-CS016-10UC(DA4851775)  Source-Line:libMvCameraControl.so(CInterfaceManager.cpp-L1166)     Description:[CloseDevice] return[0x0]     Solution:
Info    2025-04-02 19:50:27  DevID:MV-CS016-10UC(DA4851775)  Source-Line:libMvCameraControl.so(CInterfaceManager.cpp-L0809)     Description:Current dynamic library path[/home/hj/ros2-hik-camera-main/install/hik_camera/lib/libMvCameraControl.so]     Solution:
Info    2025-04-02 19:50:27  DevID:MV-CS016-10UC(DA4851775)  Source-Line:libMvCameraControl.so(CInterfaceManager.cpp-L0812)     Description:CamCtl_Version: 3.2.1.0     Solution:
Info    2025-04-02 19:50:27  DevID:MV-CS016-10UC(DA4851775)  Source-Line:libMvCameraControl.so(CInterfaceManager.cpp-L0813)     Description:CamCtl_Description: BaseLine Build 20211203     Solution:
Info    2025-04-02 19:50:27  DevID:MV-CS016-10UC(DA4851775)  Source-Line:libMvCameraControl.so(CInterfaceManager.cpp-L0815)     Description:[MV_CC_CreateHandle] return[0x0]     Solution:
Info    2025-04-02 19:50:27  DevID:MV-CS016-10UC(DA4851775)  Source-Line:libMvCameraControl.so(CInterfaceManager.cpp-L6710)     Description:CamCtrl[0x3020100], U3V SDKVersion[0x3020100], DriverVersion[0x0]     Solution:
Info    2025-04-02 19:50:27  DevID:MV-CS016-10UC(DA4851775)  Source-Line:libMvCameraControl.so(CInterfaceManager.cpp-L4236)     Description:[MV_CC_InvalidateNodes] return[0x0]     Solution:
Info    2025-04-02 19:50:27  DevID:MV-CS016-10UC(DA4851775)  Source-Line:libMvCameraControl.so(CInterfaceManager.cpp-L1086)     Description:[MV_CC_OpenDevice] nPrivilegeMode[1], nSwitchoverKey[0], return[0x0]     Solution:
Info    2025-04-02 19:50:27  DevID:MV-CS016-10UC(DA4851775)  Source-Line:libMvCameraControl.so(CInterfaceManager.cpp-L3684)     Description:[MV_CC_GetImageInfo] return[0x0]     Solution:
Info    2025-04-02 19:50:27  DevID:MV-CS016-10UC(DA4851775)  Source-Line:libMvCameraControl.so(CInterfaceManager.cpp-L1703)     Description:U3V, DeviceModelName[MV-CS016-10UC], DeviceFirmwareVersion[V2.2.0 2407021311877 24053001], DeviceMaxThroughput[387500]     Solution:
Info    2025-04-02 19:50:27  DevID:MV-CS016-10UC(DA4851775)  Source-Line:libMvCameraControl.so(CInterfaceManager.cpp-L1708)     Description:U3V, Width[1440], Height[1080], OffsetX[0], OffsetY[0], PixelFormat[0x1080009], AcquisitionMode[2]     Solution:
Info    2025-04-02 19:50:27  DevID:MV-CS016-10UC(DA4851775)  Source-Line:libMvCameraControl.so(CInterfaceManager.cpp-L1713)     Description:U3V, TriggerMode[0], ResultingFrameRate[165.37], ExposureTime[5000.00], ExposureAuto[0], PayloadSize[1555200]     Solution:
Info    2025-04-02 19:50:27  DevID:MV-CS016-10UC(DA4851775)  Source-Line:libMvCameraControl.so(CInterfaceManager.cpp-L6315)     Description:CamCtrl RecvThread Start, ThreadId[184538688]     Solution:
Info    2025-04-02 19:50:27  DevID:MV-CS016-10UC(DA4851775)  Source-Line:libMvCameraControl.so(CInterfaceManager.cpp-L6083)     Description:CamCtrl Display Thread Start, ThreadId[176145984]     Solution:
Info    2025-04-02 19:50:27  DevID:MV-CS016-10UC(DA4851775)  Source-Line:libMvCameraControl.so(CInterfaceManager.cpp-L1795)     Description:There is no registration callback     Solution:
Info    2025-04-02 19:50:27  DevID:MV-CS016-10UC(DA4851775)  Source-Line:libMvCameraControl.so(CInterfaceManager.cpp-L1800)     Description:[MV_CC_StartGrabbing] return[0x0]     Solution:
Error   2025-04-02 19:50:27  DevID:MV-CS016-10UC(DA4851775)  Source-Line:libMvCameraControl.so(CInterfaceManager.cpp-L7947)     Description:[MV_CC_ConvertPixelType] return[0x80000002]     Solution:
Error   2025-04-02 20:15:28  DevID:MV-CS016-10UC(DA4851775)  Source-Line:libMvCameraControl.so(CInterfaceManager.cpp-L4492)     Description:[MV_CC_ReadMemory]Address[0x0x30808], Length[4], return[0x80000301]     Solution:
Error   2025-04-02 20:15:28  DevID:MV-CS016-10UC(DA4851775)  Source-Line:libMvCameraControl.so(XmlParse.cpp-L3943)     Description:Set Acquisition Stop Execute Failed, ErrorCode[0x80000301]     Solution:
Info    2025-04-02 20:15:34  DevID:MV-CS016-10UC(DA4851775)  Source-Line:libMvCameraControl.so(CInterfaceManager.cpp-L1888)     Description:[StopGrabbing] return[0x80000301]     Solution:
Error   2025-04-02 20:15:34  DevID:MV-CS016-10UC(DA4851775)  Source-Line:libMvCameraControl.so(CInterfaceManager.cpp-L4492)     Description:[MV_CC_ReadMemory]Address[0x0x30048], Length[4], return[0x80000301]     Solution:
Error   2025-04-02 20:15:34  DevID:MV-CS016-10UC(DA4851775)  Source-Line:libMvCameraControl.so(XmlParse.cpp-L2242)     Description:GetNodeValue [DeviceUptime], nSdkErrCode[80000301]     Solution:
Error   2025-04-02 20:15:34  DevID:MV-CS016-10UC(DA4851775)  Source-Line:libMvCameraControl.so(CInterfaceManager.cpp-L4492)     Description:[MV_CC_ReadMemory]Address[0x0x30824], Length[4], return[0x80000301]     Solution:
Error   2025-04-02 20:15:34  DevID:MV-CS016-10UC(DA4851775)  Source-Line:libMvCameraControl.so(XmlParse.cpp-L1337)     Description:GetNodeValue [ResultingFrameRate], nSdkErrCode[80000301]     Solution:
Error   2025-04-02 20:15:34  DevID:MV-CS016-10UC(DA4851775)  Source-Line:libMvCameraControl.so(CInterfaceManager.cpp-L4492)     Description:[MV_CC_ReadMemory]Address[0x0x30b08], Length[4], return[0x80000301]     Solution:
Error   2025-04-02 20:15:34  DevID:MV-CS016-10UC(DA4851775)  Source-Line:libMvCameraControl.so(XmlParse.cpp-L2674)     Description:GetNodeValue [ExposureTime], nSdkErrCode[80000301]     Solution:
Error   2025-04-02 20:15:34  DevID:MV-CS016-10UC(DA4851775)  Source-Line:libMvCameraControl.so(CInterfaceManager.cpp-L4492)     Description:[MV_CC_ReadMemory]Address[0x0x30b08], Length[4], return[0x80000301]     Solution:
Error   2025-04-02 20:15:34  DevID:MV-CS016-10UC(DA4851775)  Source-Line:libMvCameraControl.so(XmlParse.cpp-L2414)     Description:GetNodeValue [ExposureAuto], nSdkErrCode[80000301]     Solution:
Info    2025-04-02 20:15:34  DevID:MV-CS016-10UC(DA4851775)  Source-Line:libMvCameraControl.so(CInterfaceManager.cpp-L1703)     Description:U3V, DeviceModelName[MV-CS016-10UC], DeviceFirmwareVersion[V2.2.0 2407021311877 24053001], DeviceMaxThroughput[387500]     Solution:
Info    2025-04-02 20:15:34  DevID:MV-CS016-10UC(DA4851775)  Source-Line:libMvCameraControl.so(CInterfaceManager.cpp-L1708)     Description:U3V, Width[1440], Height[1080], OffsetX[0], OffsetY[0], PixelFormat[0x1080009], AcquisitionMode[2]     Solution:
Info    2025-04-02 20:15:34  DevID:MV-CS016-10UC(DA4851775)  Source-Line:libMvCameraControl.so(CInterfaceManager.cpp-L1713)     Description:U3V, TriggerMode[0], ResultingFrameRate[0.00], ExposureTime[0.00], ExposureAuto[0], PayloadSize[1555200]     Solution:
Info    2025-04-02 20:15:34  DevID:MV-CS016-10UC(DA4851775)  Source-Line:libMvCameraControl.so(CInterfaceManager.cpp-L1800)     Description:[MV_CC_StartGrabbing] return[0x80000301]     Solution:
Error   2025-04-02 20:15:34  DevID:MV-CS016-10UC(DA4851775)  Source-Line:libMvCameraControl.so(CInterfaceManager.cpp-L4492)     Description:[MV_CC_ReadMemory]Address[0x0x30808], Length[4], return[0x80000301]     Solution:
Error   2025-04-02 20:15:34  DevID:MV-CS016-10UC(DA4851775)  Source-Line:libMvCameraControl.so(XmlParse.cpp-L3943)     Description:Set Acquisition Stop Execute Failed, ErrorCode[0x80000301]     Solution:
Info    2025-04-02 20:15:34  DevID:MV-CS016-10UC(DA4851775)  Source-Line:libMvCameraControl.so(CInterfaceManager.cpp-L1888)     Description:[StopGrabbing] return[0x80000003]     Solution:
Error   2025-04-02 20:15:34  DevID:MV-CS016-10UC(DA4851775)  Source-Line:libMvCameraControl.so(CInterfaceManager.cpp-L4492)     Description:[MV_CC_ReadMemory]Address[0x0x30048], Length[4], return[0x80000301]     Solution:
Error   2025-04-02 20:15:34  DevID:MV-CS016-10UC(DA4851775)  Source-Line:libMvCameraControl.so(XmlParse.cpp-L2242)     Description:GetNodeValue [DeviceUptime], nSdkErrCode[80000301]     Solution:
Error   2025-04-02 20:15:34  DevID:MV-CS016-10UC(DA4851775)  Source-Line:libMvCameraControl.so(CInterfaceManager.cpp-L4492)     Description:[MV_CC_ReadMemory]Address[0x0x30824], Length[4], return[0x80000301]     Solution:
Error   2025-04-02 20:15:34  DevID:MV-CS016-10UC(DA4851775)  Source-Line:libMvCameraControl.so(XmlParse.cpp-L1337)     Description:GetNodeValue [ResultingFrameRate], nSdkErrCode[80000301]     Solution:
Error   2025-04-02 20:15:34  DevID:MV-CS016-10UC(DA4851775)  Source-Line:libMvCameraControl.so(CInterfaceManager.cpp-L4492)     Description:[MV_CC_ReadMemory]Address[0x0x30b04], Length[4], return[0x80000301]     Solution:
Error   2025-04-02 20:15:34  DevID:MV-CS016-10UC(DA4851775)  Source-Line:libMvCameraControl.so(XmlParse.cpp-L2674)     Description:GetNodeValue [ExposureTime], nSdkErrCode[80000301]     Solution:
Error   2025-04-02 20:15:34  DevID:MV-CS016-10UC(DA4851775)  Source-Line:libMvCameraControl.so(CInterfaceManager.cpp-L4492)     Description:[MV_CC_ReadMemory]Address[0x0x30b08], Length[4], return[0x80000301]     Solution:
Error   2025-04-02 20:15:34  DevID:MV-CS016-10UC(DA4851775)  Source-Line:libMvCameraControl.so(XmlParse.cpp-L2414)     Description:GetNodeValue [ExposureAuto], nSdkErrCode[80000301]     Solution:
Info    2025-04-02 20:15:34  DevID:MV-CS016-10UC(DA4851775)  Source-Line:libMvCameraControl.so(CInterfaceManager.cpp-L1703)     Description:U3V, DeviceModelName[MV-CS016-10UC], DeviceFirmwareVersion[V2.2.0 2407021311877 24053001], DeviceMaxThroughput[387500]     Solution:
Info    2025-04-02 20:15:34  DevID:MV-CS016-10UC(DA4851775)  Source-Line:libMvCameraControl.so(CInterfaceManager.cpp-L1708)     Description:U3V, Width[1440], Height[1080], OffsetX[0], OffsetY[0], PixelFormat[0x1080009], AcquisitionMode[2]     Solution:
Info    2025-04-02 20:15:34  DevID:MV-CS016-10UC(DA4851775)  Source-Line:libMvCameraControl.so(CInterfaceManager.cpp-L1713)     Description:U3V, TriggerMode[0], ResultingFrameRate[0.00], ExposureTime[0.00], ExposureAuto[0], PayloadSize[1555200]     Solution:
Info    2025-04-02 20:15:34  DevID:MV-CS016-10UC(DA4851775)  Source-Line:libMvCameraControl.so(CInterfaceManager.cpp-L1800)     Description:[MV_CC_StartGrabbing] return[0x80000301]     Solution:
Error   2025-04-02 20:15:34  DevID:MV-CS016-10UC(DA4851775)  Source-Line:libMvCameraControl.so(CInterfaceManager.cpp-L4492)     Description:[MV_CC_ReadMemory]Address[0x0x30808], Length[4], return[0x80000301]     Solution:
Error   2025-04-02 20:15:34  DevID:MV-CS016-10UC(DA4851775)  Source-Line:libMvCameraControl.so(XmlParse.cpp-L3943)     Description:Set Acquisition Stop Execute Failed, ErrorCode[0x80000301]     Solution:
Info    2025-04-02 20:15:34  DevID:MV-CS016-10UC(DA4851775)  Source-Line:libMvCameraControl.so(CInterfaceManager.cpp-L1888)     Description:[StopGrabbing] return[0x80000003]     Solution:
Error   2025-04-02 20:15:34  DevID:MV-CS016-10UC(DA4851775)  Source-Line:libMvCameraControl.so(CInterfaceManager.cpp-L4492)     Description:[MV_CC_ReadMemory]Address[0x0x30048], Length[4], return[0x80000301]     Solution:
Error   2025-04-02 20:15:34  DevID:MV-CS016-10UC(DA4851775)  Source-Line:libMvCameraControl.so(XmlParse.cpp-L2242)     Description:GetNodeValue [DeviceUptime], nSdkErrCode[80000301]     Solution:
Error   2025-04-02 20:15:34  DevID:MV-CS016-10UC(DA4851775)  Source-Line:libMvCameraControl.so(CInterfaceManager.cpp-L4492)     Description:[MV_CC_ReadMemory]Address[0x0x30824], Length[4], return[0x80000301]     Solution:
Error   2025-04-02 20:15:34  DevID:MV-CS016-10UC(DA4851775)  Source-Line:libMvCameraControl.so(XmlParse.cpp-L1337)     Description:GetNodeValue [ResultingFrameRate], nSdkErrCode[80000301]     Solution:
Error   2025-04-02 20:15:34  DevID:MV-CS016-10UC(DA4851775)  Source-Line:libMvCameraControl.so(CInterfaceManager.cpp-L4492)     Description:[MV_CC_ReadMemory]Address[0x0x30b04], Length[4], return[0x80000301]     Solution:
Error   2025-04-02 20:15:34  DevID:MV-CS016-10UC(DA4851775)  Source-Line:libMvCameraControl.so(XmlParse.cpp-L2674)     Description:GetNodeValue [ExposureTime], nSdkErrCode[80000301]     Solution:
Error   2025-04-02 20:15:34  DevID:MV-CS016-10UC(DA4851775)  Source-Line:libMvCameraControl.so(CInterfaceManager.cpp-L4492)     Description:[MV_CC_ReadMemory]Address[0x0x30b08], Length[4], return[0x80000301]     Solution:
Error   2025-04-02 20:15:34  DevID:MV-CS016-10UC(DA4851775)  Source-Line:libMvCameraControl.so(XmlParse.cpp-L2414)     Description:GetNodeValue [ExposureAuto], nSdkErrCode[80000301]     Solution:
Info    2025-04-02 20:15:34  DevID:MV-CS016-10UC(DA4851775)  Source-Line:libMvCameraControl.so(CInterfaceManager.cpp-L1703)     Description:U3V, DeviceModelName[MV-CS016-10UC], DeviceFirmwareVersion[V2.2.0 2407021311877 24053001], DeviceMaxThroughput[387500]     Solution:
Info    2025-04-02 20:15:34  DevID:MV-CS016-10UC(DA4851775)  Source-Line:libMvCameraControl.so(CInterfaceManager.cpp-L1708)     Description:U3V, Width[1440], Height[1080], OffsetX[0], OffsetY[0], PixelFormat[0x1080009], AcquisitionMode[2]     Solution:
Info    2025-04-02 20:15:34  DevID:MV-CS016-10UC(DA4851775)  Source-Line:libMvCameraControl.so(CInterfaceManager.cpp-L1713)     Description:U3V, TriggerMode[0], ResultingFrameRate[0.00], ExposureTime[0.00], ExposureAuto[0], PayloadSize[1555200]     Solution:
Info    2025-04-02 20:15:34  DevID:MV-CS016-10UC(DA4851775)  Source-Line:libMvCameraControl.so(CInterfaceManager.cpp-L1800)     Description:[MV_CC_StartGrabbing] return[0x80000301]     Solution:
Error   2025-04-02 20:15:34  DevID:MV-CS016-10UC(DA4851775)  Source-Line:libMvCameraControl.so(CInterfaceManager.cpp-L4492)     Description:[MV_CC_ReadMemory]Address[0x0x30808], Length[4], return[0x80000301]     Solution:
Error   2025-04-02 20:15:34  DevID:MV-CS016-10UC(DA4851775)  Source-Line:libMvCameraControl.so(XmlParse.cpp-L3943)     Description:Set Acquisition Stop Execute Failed, ErrorCode[0x80000301]     Solution:
Info    2025-04-02 20:15:34  DevID:MV-CS016-10UC(DA4851775)  Source-Line:libMvCameraControl.so(CInterfaceManager.cpp-L1888)     Description:[StopGrabbing] return[0x80000003]     Solution:
Error   2025-04-02 20:15:34  DevID:MV-CS016-10UC(DA4851775)  Source-Line:libMvCameraControl.so(CInterfaceManager.cpp-L4492)     Description:[MV_CC_ReadMemory]Address[0x0x30048], Length[4], return[0x80000301]     Solution:
Error   2025-04-02 20:15:34  DevID:MV-CS016-10UC(DA4851775)  Source-Line:libMvCameraControl.so(XmlParse.cpp-L2242)     Description:GetNodeValue [DeviceUptime], nSdkErrCode[80000301]     Solution:
Error   2025-04-02 20:15:34  DevID:MV-CS016-10UC(DA4851775)  Source-Line:libMvCameraControl.so(CInterfaceManager.cpp-L4492)     Description:[MV_CC_ReadMemory]Address[0x0x30824], Length[4], return[0x80000301]     Solution:
Error   2025-04-02 20:15:34  DevID:MV-CS016-10UC(DA4851775)  Source-Line:libMvCameraControl.so(XmlParse.cpp-L1337)     Description:GetNodeValue [ResultingFrameRate], nSdkErrCode[80000301]     Solution:
Error   2025-04-02 20:15:34  DevID:MV-CS016-10UC(DA4851775)  Source-Line:libMvCameraControl.so(CInterfaceManager.cpp-L4492)     Description:[MV_CC_ReadMemory]Address[0x0x30b04], Length[4], return[0x80000301]     Solution:
Error   2025-04-02 20:15:34  DevID:MV-CS016-10UC(DA4851775)  Source-Line:libMvCameraControl.so(XmlParse.cpp-L2674)     Description:GetNodeValue [ExposureTime], nSdkErrCode[80000301]     Solution:
Error   2025-04-02 20:15:34  DevID:MV-CS016-10UC(DA4851775)  Source-Line:libMvCameraControl.so(CInterfaceManager.cpp-L4492)     Description:[MV_CC_ReadMemory]Address[0x0x30b08], Length[4], return[0x80000301]     Solution:
Error   2025-04-02 20:15:34  DevID:MV-CS016-10UC(DA4851775)  Source-Line:libMvCameraControl.so(XmlParse.cpp-L2414)     Description:GetNodeValue [ExposureAuto], nSdkErrCode[80000301]     Solution:
Info    2025-04-02 20:15:34  DevID:MV-CS016-10UC(DA4851775)  Source-Line:libMvCameraControl.so(CInterfaceManager.cpp-L1703)     Description:U3V, DeviceModelName[MV-CS016-10UC], DeviceFirmwareVersion[V2.2.0 2407021311877 24053001], DeviceMaxThroughput[387500]     Solution:
Info    2025-04-02 20:15:34  DevID:MV-CS016-10UC(DA4851775)  Source-Line:libMvCameraControl.so(CInterfaceManager.cpp-L1708)     Description:U3V, Width[1440], Height[1080], OffsetX[0], OffsetY[0], PixelFormat[0x1080009], AcquisitionMode[2]     Solution:
Info    2025-04-02 20:15:34  DevID:MV-CS016-10UC(DA4851775)  Source-Line:libMvCameraControl.so(CInterfaceManager.cpp-L1713)     Description:U3V, TriggerMode[0], ResultingFrameRate[0.00], ExposureTime[0.00], ExposureAuto[0], PayloadSize[1555200]     Solution:
Info    2025-04-02 20:15:34  DevID:MV-CS016-10UC(DA4851775)  Source-Line:libMvCameraControl.so(CInterfaceManager.cpp-L1800)     Description:[MV_CC_StartGrabbing] return[0x80000301]     Solution:
Error   2025-04-02 20:15:34  DevID:MV-CS016-10UC(DA4851775)  Source-Line:libMvCameraControl.so(CInterfaceManager.cpp-L4492)     Description:[MV_CC_ReadMemory]Address[0x0x30808], Length[4], return[0x80000301]     Solution:
Error   2025-04-02 20:15:34  DevID:MV-CS016-10UC(DA4851775)  Source-Line:libMvCameraControl.so(XmlParse.cpp-L3943)     Description:Set Acquisition Stop Execute Failed, ErrorCode[0x80000301]     Solution:
Info    2025-04-02 20:15:34  DevID:MV-CS016-10UC(DA4851775)  Source-Line:libMvCameraControl.so(CInterfaceManager.cpp-L1888)     Description:[StopGrabbing] return[0x80000003]     Solution:
Error   2025-04-02 20:15:34  DevID:MV-CS016-10UC(DA4851775)  Source-Line:libMvCameraControl.so(CInterfaceManager.cpp-L4492)     Description:[MV_CC_ReadMemory]Address[0x0x30048], Length[4], return[0x80000301]     Solution:
Error   2025-04-02 20:15:34  DevID:MV-CS016-10UC(DA4851775)  Source-Line:libMvCameraControl.so(XmlParse.cpp-L2242)     Description:GetNodeValue [DeviceUptime], nSdkErrCode[80000301]     Solution:
Error   2025-04-02 20:15:34  DevID:MV-CS016-10UC(DA4851775)  Source-Line:libMvCameraControl.so(CInterfaceManager.cpp-L4492)     Description:[MV_CC_ReadMemory]Address[0x0x30824], Length[4], return[0x80000301]     Solution:
Error   2025-04-02 20:15:34  DevID:MV-CS016-10UC(DA4851775)  Source-Line:libMvCameraControl.so(XmlParse.cpp-L1337)     Description:GetNodeValue [ResultingFrameRate], nSdkErrCode[80000301]     Solution:
Error   2025-04-02 20:15:34  DevID:MV-CS016-10UC(DA4851775)  Source-Line:libMvCameraControl.so(CInterfaceManager.cpp-L4492)     Description:[MV_CC_ReadMemory]Address[0x0x30b04], Length[4], return[0x80000301]     Solution:
Error   2025-04-02 20:15:34  DevID:MV-CS016-10UC(DA4851775)  Source-Line:libMvCameraControl.so(XmlParse.cpp-L2674)     Description:GetNodeValue [ExposureTime], nSdkErrCode[80000301]     Solution:
Error   2025-04-02 20:15:34  DevID:MV-CS016-10UC(DA4851775)  Source-Line:libMvCameraControl.so(CInterfaceManager.cpp-L4492)     Description:[MV_CC_ReadMemory]Address[0x0x30b08], Length[4], return[0x80000301]     Solution:
Error   2025-04-02 20:15:34  DevID:MV-CS016-10UC(DA4851775)  Source-Line:libMvCameraControl.so(XmlParse.cpp-L2414)     Description:GetNodeValue [ExposureAuto], nSdkErrCode[80000301]     Solution:
Info    2025-04-02 20:15:34  DevID:MV-CS016-10UC(DA4851775)  Source-Line:libMvCameraControl.so(CInterfaceManager.cpp-L1703)     Description:U3V, DeviceModelName[MV-CS016-10UC], DeviceFirmwareVersion[V2.2.0 2407021311877 24053001], DeviceMaxThroughput[387500]     Solution:
Info    2025-04-02 20:15:34  DevID:MV-CS016-10UC(DA4851775)  Source-Line:libMvCameraControl.so(CInterfaceManager.cpp-L1708)     Description:U3V, Width[1440], Height[1080], OffsetX[0], OffsetY[0], PixelFormat[0x1080009], AcquisitionMode[2]     Solution:
Info    2025-04-02 20:15:34  DevID:MV-CS016-10UC(DA4851775)  Source-Line:libMvCameraControl.so(CInterfaceManager.cpp-L1713)     Description:U3V, TriggerMode[0], ResultingFrameRate[0.00], ExposureTime[0.00], ExposureAuto[0], PayloadSize[1555200]     Solution:
Info    2025-04-02 20:15:34  DevID:MV-CS016-10UC(DA4851775)  Source-Line:libMvCameraControl.so(CInterfaceManager.cpp-L1800)     Description:[MV_CC_StartGrabbing] return[0x80000301]     Solution:
Error   2025-04-02 20:15:34  DevID:MV-CS016-10UC(DA4851775)  Source-Line:libMvCameraControl.so(CInterfaceManager.cpp-L4492)     Description:[MV_CC_ReadMemory]Address[0x0x30808], Length[4], return[0x80000301]     Solution:
Error   2025-04-02 20:15:34  DevID:MV-CS016-10UC(DA4851775)  Source-Line:libMvCameraControl.so(XmlParse.cpp-L3943)     Description:Set Acquisition Stop Execute Failed, ErrorCode[0x80000301]     Solution:
Info    2025-04-02 20:15:34  DevID:MV-CS016-10UC(DA4851775)  Source-Line:libMvCameraControl.so(CInterfaceManager.cpp-L1888)     Description:[StopGrabbing] return[0x80000003]     Solution:
Error   2025-04-02 20:15:34  DevID:MV-CS016-10UC(DA4851775)  Source-Line:libMvCameraControl.so(CInterfaceManager.cpp-L4492)     Description:[MV_CC_ReadMemory]Address[0x0x30048], Length[4], return[0x80000301]     Solution:
Error   2025-04-02 20:15:34  DevID:MV-CS016-10UC(DA4851775)  Source-Line:libMvCameraControl.so(XmlParse.cpp-L2242)     Description:GetNodeValue [DeviceUptime], nSdkErrCode[80000301]     Solution:
Error   2025-04-02 20:15:34  DevID:MV-CS016-10UC(DA4851775)  Source-Line:libMvCameraControl.so(CInterfaceManager.cpp-L4492)     Description:[MV_CC_ReadMemory]Address[0x0x30824], Length[4], return[0x80000301]     Solution:
Error   2025-04-02 20:15:34  DevID:MV-CS016-10UC(DA4851775)  Source-Line:libMvCameraControl.so(XmlParse.cpp-L1337)     Description:GetNodeValue [ResultingFrameRate], nSdkErrCode[80000301]     Solution:
Error   2025-04-02 20:15:34  DevID:MV-CS016-10UC(DA4851775)  Source-Line:libMvCameraControl.so(CInterfaceManager.cpp-L4492)     Description:[MV_CC_ReadMemory]Address[0x0x30b04], Length[4], return[0x80000301]     Solution:
Error   2025-04-02 20:15:34  DevID:MV-CS016-10UC(DA4851775)  Source-Line:libMvCameraControl.so(XmlParse.cpp-L2674)     Description:GetNodeValue [ExposureTime], nSdkErrCode[80000301]     Solution:
Error   2025-04-02 20:15:34  DevID:MV-CS016-10UC(DA4851775)  Source-Line:libMvCameraControl.so(CInterfaceManager.cpp-L4492)     Description:[MV_CC_ReadMemory]Address[0x0x30b08], Length[4], return[0x80000301]     Solution:
Error   2025-04-02 20:15:34  DevID:MV-CS016-10UC(DA4851775)  Source-Line:libMvCameraControl.so(XmlParse.cpp-L2414)     Description:GetNodeValue [ExposureAuto], nSdkErrCode[80000301]     Solution:
Info    2025-04-02 20:15:34  DevID:MV-CS016-10UC(DA4851775)  Source-Line:libMvCameraControl.so(CInterfaceManager.cpp-L1703)     Description:U3V, DeviceModelName[MV-CS016-10UC], DeviceFirmwareVersion[V2.2.0 2407021311877 24053001], DeviceMaxThroughput[387500]     Solution:
Info    2025-04-02 20:15:34  DevID:MV-CS016-10UC(DA4851775)  Source-Line:libMvCameraControl.so(CInterfaceManager.cpp-L1708)     Description:U3V, Width[1440], Height[1080], OffsetX[0], OffsetY[0], PixelFormat[0x1080009], AcquisitionMode[2]     Solution:
Info    2025-04-02 20:15:34  DevID:MV-CS016-10UC(DA4851775)  Source-Line:libMvCameraControl.so(CInterfaceManager.cpp-L1713)     Description:U3V, TriggerMode[0], ResultingFrameRate[0.00], ExposureTime[0.00], ExposureAuto[0], PayloadSize[1555200]     Solution:
Info    2025-04-02 20:15:34  DevID:MV-CS016-10UC(DA4851775)  Source-Line:libMvCameraControl.so(CInterfaceManager.cpp-L1800)     Description:[MV_CC_StartGrabbing] return[0x80000301]     Solution:
Error   2025-04-02 20:15:34  DevID:MV-CS016-10UC(DA4851775)  Source-Line:libMvCameraControl.so(CInterfaceManager.cpp-L4492)     Description:[MV_CC_ReadMemory]Address[0x0x30808], Length[4], return[0x80000301]     Solution:
Error   2025-04-02 20:15:34  DevID:MV-CS016-10UC(DA4851775)  Source-Line:libMvCameraControl.so(XmlParse.cpp-L3943)     Description:Set Acquisition Stop Execute Failed, ErrorCode[0x80000301]     Solution:
Info    2025-04-02 20:15:34  DevID:MV-CS016-10UC(DA4851775)  Source-Line:libMvCameraControl.so(CInterfaceManager.cpp-L1888)     Description:[StopGrabbing] return[0x80000003]     Solution:
Info    2025-04-02 20:15:34  DevID:MV-CS016-10UC(DA4851775)  Source-Line:libMvCameraControl.so(CInterfaceManager.cpp-L6299)     Description:Display process exit     Solution:
Info    2025-04-02 20:15:34  DevID:MV-CS016-10UC(DA4851775)  Source-Line:libMvCameraControl.so(CInterfaceManager.cpp-L6545)     Description:RecvThread Process Exit     Solution:
Info    2025-04-02 20:15:39  DevID:MV-CS016-10UC(DA4851775)  Source-Line:libMvCameraControl.so(CInterfaceManager.cpp-L1166)     Description:[CloseDevice] return[0x0]     Solution:
Info    2025-04-02 20:15:47  DevID:MV-CS016-10UC(DA4851775)  Source-Line:libMvCameraControl.so(CInterfaceManager.cpp-L0809)     Description:Current dynamic library path[/home/hj/ros2-hik-camera-main/install/hik_camera/lib/libMvCameraControl.so]     Solution:
Info    2025-04-02 20:15:47  DevID:MV-CS016-10UC(DA4851775)  Source-Line:libMvCameraControl.so(CInterfaceManager.cpp-L0812)     Description:CamCtl_Version: 3.2.1.0     Solution:
Info    2025-04-02 20:15:47  DevID:MV-CS016-10UC(DA4851775)  Source-Line:libMvCameraControl.so(CInterfaceManager.cpp-L0813)     Description:CamCtl_Description: BaseLine Build 20211203     Solution:
Info    2025-04-02 20:15:47  DevID:MV-CS016-10UC(DA4851775)  Source-Line:libMvCameraControl.so(CInterfaceManager.cpp-L0815)     Description:[MV_CC_CreateHandle] return[0x0]     Solution:
Info    2025-04-02 20:15:47  DevID:MV-CS016-10UC(DA4851775)  Source-Line:libMvCameraControl.so(CInterfaceManager.cpp-L6710)     Description:CamCtrl[0x3020100], U3V SDKVersion[0x3020100], DriverVersion[0x0]     Solution:
Info    2025-04-02 20:15:48  DevID:MV-CS016-10UC(DA4851775)  Source-Line:libMvCameraControl.so(CInterfaceManager.cpp-L4236)     Description:[MV_CC_InvalidateNodes] return[0x0]     Solution:
Info    2025-04-02 20:15:48  DevID:MV-CS016-10UC(DA4851775)  Source-Line:libMvCameraControl.so(CInterfaceManager.cpp-L1086)     Description:[MV_CC_OpenDevice] nPrivilegeMode[1], nSwitchoverKey[0], return[0x0]     Solution:
Info    2025-04-02 20:15:48  DevID:MV-CS016-10UC(DA4851775)  Source-Line:libMvCameraControl.so(CInterfaceManager.cpp-L3684)     Description:[MV_CC_GetImageInfo] return[0x0]     Solution:
Info    2025-04-02 20:15:48  DevID:MV-CS016-10UC(DA4851775)  Source-Line:libMvCameraControl.so(CInterfaceManager.cpp-L1703)     Description:U3V, DeviceModelName[MV-CS016-10UC], DeviceFirmwareVersion[V2.2.0 2407021311877 24053001], DeviceMaxThroughput[387500]     Solution:
Info    2025-04-02 20:15:48  DevID:MV-CS016-10UC(DA4851775)  Source-Line:libMvCameraControl.so(CInterfaceManager.cpp-L1708)     Description:U3V, Width[1440], Height[1080], OffsetX[0], OffsetY[0], PixelFormat[0x1080009], AcquisitionMode[2]     Solution:
Info    2025-04-02 20:15:48  DevID:MV-CS016-10UC(DA4851775)  Source-Line:libMvCameraControl.so(CInterfaceManager.cpp-L1713)     Description:U3V, TriggerMode[0], ResultingFrameRate[165.37], ExposureTime[5000.00], ExposureAuto[0], PayloadSize[1555200]     Solution:
Info    2025-04-02 20:15:48  DevID:MV-CS016-10UC(DA4851775)  Source-Line:libMvCameraControl.so(CInterfaceManager.cpp-L6315)     Description:CamCtrl RecvThread Start, ThreadId[-1753225664]     Solution:
Info    2025-04-02 20:15:48  DevID:MV-CS016-10UC(DA4851775)  Source-Line:libMvCameraControl.so(CInterfaceManager.cpp-L6083)     Description:CamCtrl Display Thread Start, ThreadId[-1761618368]     Solution:
Info    2025-04-02 20:15:48  DevID:MV-CS016-10UC(DA4851775)  Source-Line:libMvCameraControl.so(CInterfaceManager.cpp-L1795)     Description:There is no registration callback     Solution:
Info    2025-04-02 20:15:48  DevID:MV-CS016-10UC(DA4851775)  Source-Line:libMvCameraControl.so(CInterfaceManager.cpp-L1800)     Description:[MV_CC_StartGrabbing] return[0x0]     Solution:
Error   2025-04-02 20:15:48  DevID:MV-CS016-10UC(DA4851775)  Source-Line:libMvCameraControl.so(CInterfaceManager.cpp-L7947)     Description:[MV_CC_ConvertPixelType] return[0x80000002]     Solution:
Info    2025-04-02 21:01:32  DevID:MV-CS016-10UC(DA4851775)  Source-Line:libMvCameraControl.so(CInterfaceManager.cpp-L1888)     Description:[StopGrabbing] return[0x0]     Solution:
Info    2025-04-02 21:01:32  DevID:MV-CS016-10UC(DA4851775)  Source-Line:libMvCameraControl.so(CInterfaceManager.cpp-L1703)     Description:U3V, DeviceModelName[MV-CS016-10UC], DeviceFirmwareVersion[V2.2.0 2407021311877 24053001], DeviceMaxThroughput[387500]     Solution:
Info    2025-04-02 21:01:32  DevID:MV-CS016-10UC(DA4851775)  Source-Line:libMvCameraControl.so(CInterfaceManager.cpp-L1708)     Description:U3V, Width[1440], Height[1080], OffsetX[0], OffsetY[0], PixelFormat[0x1080009], AcquisitionMode[2]     Solution:
Info    2025-04-02 21:01:32  DevID:MV-CS016-10UC(DA4851775)  Source-Line:libMvCameraControl.so(CInterfaceManager.cpp-L1713)     Description:U3V, TriggerMode[0], ResultingFrameRate[165.37], ExposureTime[5000.00], ExposureAuto[0], PayloadSize[1555200]     Solution:
Info    2025-04-02 21:01:32  DevID:MV-CS016-10UC(DA4851775)  Source-Line:libMvCameraControl.so(CInterfaceManager.cpp-L1795)     Description:There is no registration callback     Solution:
Info    2025-04-02 21:01:32  DevID:MV-CS016-10UC(DA4851775)  Source-Line:libMvCameraControl.so(CInterfaceManager.cpp-L1800)     Description:[MV_CC_StartGrabbing] return[0x0]     Solution:
Info    2025-04-02 21:02:18  DevID:MV-CS016-10UC(DA4851775)  Source-Line:libMvCameraControl.so(CInterfaceManager.cpp-L1888)     Description:[StopGrabbing] return[0x0]     Solution:
Info    2025-04-02 21:02:18  DevID:MV-CS016-10UC(DA4851775)  Source-Line:libMvCameraControl.so(CInterfaceManager.cpp-L6299)     Description:Display process exit     Solution:
Info    2025-04-02 21:02:18  DevID:MV-CS016-10UC(DA4851775)  Source-Line:libMvCameraControl.so(CInterfaceManager.cpp-L6545)     Description:RecvThread Process Exit     Solution:
Info    2025-04-02 21:02:19  DevID:MV-CS016-10UC(DA4851775)  Source-Line:libMvCameraControl.so(CInterfaceManager.cpp-L1166)     Description:[CloseDevice] return[0x0]     Solution:
Info    2025-04-02 21:02:25  DevID:MV-CS016-10UC(DA4851775)  Source-Line:libMvCameraControl.so(CInterfaceManager.cpp-L0809)     Description:Current dynamic library path[/home/hj/ros2-hik-camera-main/install/hik_camera/lib/libMvCameraControl.so]     Solution:
Info    2025-04-02 21:02:25  DevID:MV-CS016-10UC(DA4851775)  Source-Line:libMvCameraControl.so(CInterfaceManager.cpp-L0812)     Description:CamCtl_Version: 3.2.1.0     Solution:
Info    2025-04-02 21:02:25  DevID:MV-CS016-10UC(DA4851775)  Source-Line:libMvCameraControl.so(CInterfaceManager.cpp-L0813)     Description:CamCtl_Description: BaseLine Build 20211203     Solution:
Info    2025-04-02 21:02:25  DevID:MV-CS016-10UC(DA4851775)  Source-Line:libMvCameraControl.so(CInterfaceManager.cpp-L0815)     Description:[MV_CC_CreateHandle] return[0x0]     Solution:
Info    2025-04-02 21:02:25  DevID:MV-CS016-10UC(DA4851775)  Source-Line:libMvCameraControl.so(CInterfaceManager.cpp-L6710)     Description:CamCtrl[0x3020100], U3V SDKVersion[0x3020100], DriverVersion[0x0]     Solution:
Info    2025-04-02 21:02:25  DevID:MV-CS016-10UC(DA4851775)  Source-Line:libMvCameraControl.so(CInterfaceManager.cpp-L4236)     Description:[MV_CC_InvalidateNodes] return[0x0]     Solution:
Info    2025-04-02 21:02:25  DevID:MV-CS016-10UC(DA4851775)  Source-Line:libMvCameraControl.so(CInterfaceManager.cpp-L1086)     Description:[MV_CC_OpenDevice] nPrivilegeMode[1], nSwitchoverKey[0], return[0x0]     Solution:
Info    2025-04-02 21:02:25  DevID:MV-CS016-10UC(DA4851775)  Source-Line:libMvCameraControl.so(CInterfaceManager.cpp-L3684)     Description:[MV_CC_GetImageInfo] return[0x0]     Solution:
Info    2025-04-02 21:02:25  DevID:MV-CS016-10UC(DA4851775)  Source-Line:libMvCameraControl.so(CInterfaceManager.cpp-L1703)     Description:U3V, DeviceModelName[MV-CS016-10UC], DeviceFirmwareVersion[V2.2.0 2407021311877 24053001], DeviceMaxThroughput[387500]     Solution:
Info    2025-04-02 21:02:25  DevID:MV-CS016-10UC(DA4851775)  Source-Line:libMvCameraControl.so(CInterfaceManager.cpp-L1708)     Description:U3V, Width[1440], Height[1080], OffsetX[0], OffsetY[0], PixelFormat[0x1080009], AcquisitionMode[2]     Solution:
Info    2025-04-02 21:02:25  DevID:MV-CS016-10UC(DA4851775)  Source-Line:libMvCameraControl.so(CInterfaceManager.cpp-L1713)     Description:U3V, TriggerMode[0], ResultingFrameRate[165.37], ExposureTime[5000.00], ExposureAuto[0], PayloadSize[1555200]     Solution:
Info    2025-04-02 21:02:25  DevID:MV-CS016-10UC(DA4851775)  Source-Line:libMvCameraControl.so(CInterfaceManager.cpp-L6315)     Description:CamCtrl RecvThread Start, ThreadId[-929974720]     Solution:
Info    2025-04-02 21:02:25  DevID:MV-CS016-10UC(DA4851775)  Source-Line:libMvCameraControl.so(CInterfaceManager.cpp-L6083)     Description:CamCtrl Display Thread Start, ThreadId[-1140853184]     Solution:
Info    2025-04-02 21:02:25  DevID:MV-CS016-10UC(DA4851775)  Source-Line:libMvCameraControl.so(CInterfaceManager.cpp-L1795)     Description:There is no registration callback     Solution:
Info    2025-04-02 21:02:25  DevID:MV-CS016-10UC(DA4851775)  Source-Line:libMvCameraControl.so(CInterfaceManager.cpp-L1800)     Description:[MV_CC_StartGrabbing] return[0x0]     Solution:
Error   2025-04-02 21:02:25  DevID:MV-CS016-10UC(DA4851775)  Source-Line:libMvCameraControl.so(CInterfaceManager.cpp-L7947)     Description:[MV_CC_ConvertPixelType] return[0x80000002]     Solution:
Info    2025-04-05 12:57:55  DevID:MV-CS016-10UC(DA4851775)  Source-Line:libMvCameraControl.so(CInterfaceManager.cpp-L0809)     Description:Current dynamic library path[/home/hj/ros2-hik-camera-main/install/hik_camera/lib/libMvCameraControl.so]     Solution:
Info    2025-04-05 12:57:55  DevID:MV-CS016-10UC(DA4851775)  Source-Line:libMvCameraControl.so(CInterfaceManager.cpp-L0812)     Description:CamCtl_Version: 3.2.1.0     Solution:
Info    2025-04-05 12:57:55  DevID:MV-CS016-10UC(DA4851775)  Source-Line:libMvCameraControl.so(CInterfaceManager.cpp-L0813)     Description:CamCtl_Description: BaseLine Build 20211203     Solution:
Info    2025-04-05 12:57:55  DevID:MV-CS016-10UC(DA4851775)  Source-Line:libMvCameraControl.so(CInterfaceManager.cpp-L0815)     Description:[MV_CC_CreateHandle] return[0x0]     Solution:
Info    2025-04-05 12:57:55  DevID:MV-CS016-10UC(DA4851775)  Source-Line:libMvCameraControl.so(CInterfaceManager.cpp-L6710)     Description:CamCtrl[0x3020100], U3V SDKVersion[0x3020100], DriverVersion[0x0]     Solution:
Info    2025-04-05 12:57:56  DevID:MV-CS016-10UC(DA4851775)  Source-Line:libMvCameraControl.so(CInterfaceManager.cpp-L4236)     Description:[MV_CC_InvalidateNodes] return[0x0]     Solution:
Info    2025-04-05 12:57:56  DevID:MV-CS016-10UC(DA4851775)  Source-Line:libMvCameraControl.so(CInterfaceManager.cpp-L1086)     Description:[MV_CC_OpenDevice] nPrivilegeMode[1], nSwitchoverKey[0], return[0x0]     Solution:
Info    2025-04-05 12:57:56  DevID:MV-CS016-10UC(DA4851775)  Source-Line:libMvCameraControl.so(CInterfaceManager.cpp-L3684)     Description:[MV_CC_GetImageInfo] return[0x0]     Solution:
Info    2025-04-05 12:57:56  DevID:MV-CS016-10UC(DA4851775)  Source-Line:libMvCameraControl.so(CInterfaceManager.cpp-L1703)     Description:U3V, DeviceModelName[MV-CS016-10UC], DeviceFirmwareVersion[V2.2.0 2407021311877 24053001], DeviceMaxThroughput[387500]     Solution:
Info    2025-04-05 12:57:56  DevID:MV-CS016-10UC(DA4851775)  Source-Line:libMvCameraControl.so(CInterfaceManager.cpp-L1708)     Description:U3V, Width[1440], Height[1080], OffsetX[0], OffsetY[0], PixelFormat[0x1080009], AcquisitionMode[2]     Solution:
Info    2025-04-05 12:57:56  DevID:MV-CS016-10UC(DA4851775)  Source-Line:libMvCameraControl.so(CInterfaceManager.cpp-L1713)     Description:U3V, TriggerMode[0], ResultingFrameRate[165.37], ExposureTime[5000.00], ExposureAuto[0], PayloadSize[1555200]     Solution:
Info    2025-04-05 12:57:56  DevID:MV-CS016-10UC(DA4851775)  Source-Line:libMvCameraControl.so(CInterfaceManager.cpp-L6315)     Description:CamCtrl RecvThread Start, ThreadId[-973076928]     Solution:
Info    2025-04-05 12:57:56  DevID:MV-CS016-10UC(DA4851775)  Source-Line:libMvCameraControl.so(CInterfaceManager.cpp-L6083)     Description:CamCtrl Display Thread Start, ThreadId[-983562688]     Solution:
Info    2025-04-05 12:57:56  DevID:MV-CS016-10UC(DA4851775)  Source-Line:libMvCameraControl.so(CInterfaceManager.cpp-L1795)     Description:There is no registration callback     Solution:
Info    2025-04-05 12:57:56  DevID:MV-CS016-10UC(DA4851775)  Source-Line:libMvCameraControl.so(CInterfaceManager.cpp-L1800)     Description:[MV_CC_StartGrabbing] return[0x0]     Solution:
Error   2025-04-05 12:57:56  DevID:MV-CS016-10UC(DA4851775)  Source-Line:libMvCameraControl.so(CInterfaceManager.cpp-L7947)     Description:[MV_CC_ConvertPixelType] return[0x80000002]     Solution:
Info    2025-04-05 13:07:43  DevID:MV-CS016-10UC(DA4851775)  Source-Line:libMvCameraControl.so(CInterfaceManager.cpp-L1888)     Description:[StopGrabbing] return[0x0]     Solution:
Info    2025-04-05 13:07:43  DevID:MV-CS016-10UC(DA4851775)  Source-Line:libMvCameraControl.so(CInterfaceManager.cpp-L6299)     Description:Display process exit     Solution:
Info    2025-04-05 13:07:43  DevID:MV-CS016-10UC(DA4851775)  Source-Line:libMvCameraControl.so(CInterfaceManager.cpp-L6545)     Description:RecvThread Process Exit     Solution:
Info    2025-04-05 13:07:44  DevID:MV-CS016-10UC(DA4851775)  Source-Line:libMvCameraControl.so(CInterfaceManager.cpp-L1166)     Description:[CloseDevice] return[0x0]     Solution:
